id,first_name,last_name,email,gender,ip_address,country_code,salary
1,Chandal,Grundy,cgrundy0@abc.net.au,Female,227.71.206.72,IN,27810
2,Ellette,Glancey,eglancey1@hugedomains.com,Female,132.176.223.172,PR,36358
3,Bryon,Licciardello,blicciardello2@privacy.gov.au,Male,41.218.21.6,PT,23166
4,Tyson,Pither,tpither3@sitemeter.com,Male,212.146.215.251,GB,12310
5,Tammy,Piotrowski,tpiotrowski4@odnoklassniki.ru,Female,218.182.169.203,AU,50677
6,Hiram,Niblock,hniblock5@businessweek.com,Male,222.121.90.196,TR,15097
7,Sibeal,Strafford,sstrafford6@newsvine.com,Agender,115.37.199.27,CA,74438
8,Ingram,Fulstow,ifulstow7@xing.com,Male,221.121.211.226,RU,46177
9,La verne,Darcy,ldarcy8@prnewswire.com,Female,13.78.198.141,IN,26876
10,Rudie,Meakin,rmeakin9@yellowbook.com,Male,84.19.1.139,VE,87786
11,Derk,Thomkins,dthomkinsa@imgur.com,Male,85.26.226.148,DE,67412
12,Zolly,Downe,zdowneb@miibeian.gov.cn,Male,161.117.197.218,GB,79223
13,Elvyn,Rigeby,erigebyc@scribd.com,Male,23.13.158.114,CN,32545
14,Rudd,Suart,rsuartd@mlb.com,Male,44.215.220.59,PG,81970
15,Clemens,Wilse,cwilsee@dropbox.com,Male,231.27.139.235,PH,84217
16,Kassie,Fanstone,kfanstonef@sfgate.com,Female,131.198.171.52,CK,85380
17,Marybeth,Lobb,mlobbg@simplemachines.org,Bigender,31.92.248.41,US,92372
18,Paco,Leebeter,pleebeterh@woothemes.com,Male,138.35.72.59,TR,34028
19,Ram,Silby,rsilbyi@theatlantic.com,Male,87.62.74.244,US,57921
20,Claudina,Halstead,chalsteadj@angelfire.com,Female,255.242.65.255,CA,58479
21,Zack,Halliberton,zhallibertonk@blogger.com,Male,33.1.118.184,BR,74995
22,Peter,Ablett,pablettl@studiopress.com,Male,12.83.127.52,US,11442
23,Lynsey,Pinchon,lpinchonm@who.int,Female,169.143.25.180,US,99976
24,Luelle,Orneles,lornelesn@princeton.edu,Female,89.49.245.221,IN,52234
25,Gus,Champ,gchampo@rambler.ru,Male,33.184.204.203,AU,72402
26,Olivia,Officer,oofficerp@tripod.com,Female,26.170.126.67,SB,28976
27,Bradley,Normadell,bnormadellq@devhub.com,Male,10.235.216.95,CO,50643
28,Abby,Blandford,ablandfordr@printfriendly.com,Male,238.221.131.39,AU,84073
29,Jackie,Tembridge,jtembridges@vistaprint.com,Male,175.162.136.86,US,23927
30,Salmon,Alexsandrov,salexsandrovt@ihg.com,Male,240.100.137.223,AU,98551
31,Xaviera,Broadbent,xbroadbentu@bbc.co.uk,Female,26.182.203.64,SA,54641
32,Lyndsay,Hirtzmann,lhirtzmannv@usatoday.com,Female,33.192.208.249,HN,66155
33,Angie,Euels,aeuelsw@state.tx.us,Female,59.193.5.26,CN,49931
34,Sheryl,Powe,spowex@mozilla.com,Female,167.103.116.85,TD,58730
35,Norbie,Pehrsson,npehrssony@shinystat.com,Male,204.134.176.73,FJ,57244
36,Dallis,Ainsley,dainsleyz@ebay.com,Male,204.146.80.124,NO,33980
37,Colleen,Vasile,cvasile10@businesswire.com,Female,212.227.121.13,US,57323
38,Jasen,Henbury,jhenbury11@apple.com,Male,105.55.69.24,GL,47501
39,Gardiner,Bootland,gbootland12@list-manage.com,Male,177.98.141.185,CA,19131
40,Chiquia,Boutflour,cboutflour13@hhs.gov,Female,181.76.58.57,TW,85659
41,Muhammad,Pavic,mpavic14@cbc.ca,Male,100.81.233.30,US,67577
42,Cam,Mordecai,cmordecai15@pbs.org,Male,68.227.22.195,MH,68922
43,Aaron,Fragino,afragino16@i2i.jp,Male,139.80.31.2,US,91478
44,Genna,Fillingham,gfillingham17@hud.gov,Polygender,120.38.180.119,YE,47768
45,Donica,Sterling,dsterling18@bravesites.com,Female,204.25.180.34,US,76309
46,Junie,Milroy,jmilroy19@freewebs.com,Female,56.109.240.50,CD,42603
47,Alissa,Cardillo,acardillo1a@purevolume.com,Female,119.196.78.197,CR,72540
48,Orin,Steven,osteven1b@webs.com,Non-binary,229.8.140.229,BR,86869
49,Hermy,Detoc,hdetoc1c@lulu.com,Male,141.171.123.60,CN,39773
50,Antonina,Carnow,acarnow1d@rakuten.co.jp,Female,89.226.69.137,US,35870
51,Iggie,Seabrook,iseabrook1e@live.com,Male,107.68.18.194,AU,10718
52,Halli,Davana,hdavana1f@apache.org,Female,222.56.140.57,PG,55140
53,Rabi,Doswell,rdoswell1g@google.cn,Male,23.178.136.203,ID,66341
54,Margi,Cromwell,mcromwell1h@tiny.cc,Female,255.134.177.175,CA,17055
55,Bary,Sherebrook,bsherebrook1i@sfgate.com,Male,244.171.37.164,PG,20177
56,Ashley,Ordish,aordish1j@weebly.com,Male,238.47.14.119,TJ,72493
57,Pace,Sowley,psowley1k@dot.gov,Male,110.252.192.94,US,73643
58,Adelice,Houseman,ahouseman1l@yahoo.com,Female,50.71.99.52,US,95847
59,Eduino,Dyche,edyche1m@woothemes.com,Genderqueer,161.72.218.127,CN,61259
60,Paula,Bouchard,pbouchard1n@cafepress.com,Agender,175.112.155.44,AU,46122
61,Leisha,Antonellini,lantonellini1o@studiopress.com,Non-binary,136.229.86.112,US,54307
62,Ellis,Radbourne,eradbourne1p@webmd.com,Male,49.191.44.203,NZ,73504
63,Frannie,Aulton,faulton1q@slashdot.org,Male,88.97.192.129,AR,49897
64,Leda,Ikringill,likringill1r@tamu.edu,Female,18.94.215.9,AU,49963
65,Hill,Crinion,hcrinion1s@w3.org,Male,184.72.80.156,AU,67364
66,Maximilien,Pina,mpina1t@g.co,Male,1.103.249.13,KE,26601
67,Ginger,Baxstair,gbaxstair1u@t-online.de,Male,63.164.15.127,VE,83275
68,Jacquelin,Herrieven,jherrieven1v@cisco.com,Female,73.215.207.59,PG,79503
69,Nikita,Lewis,nlewis1w@state.tx.us,Male,179.139.145.3,CN,99578
70,Delly,Brigham,dbrigham1x@nbcnews.com,Female,89.173.152.186,US,37623
71,Mei,Bougourd,mbougourd1y@patch.com,Female,248.51.47.253,CA,62272
72,Sandie,Domeny,sdomeny1z@umn.edu,Female,101.61.214.159,US,68943
73,Trish,Redolfi,tredolfi20@dagondesign.com,Female,231.219.84.238,US,48286
74,Germaine,Spada,gspada21@opensource.org,Male,65.76.154.252,US,22672
75,Kingston,Dell Casa,kdellcasa22@harvard.edu,Male,224.246.67.240,FI,96890
76,Elvyn,Livett,elivett23@shinystat.com,Male,170.20.127.182,IT,43869
77,Jazmin,Kleiser,jkleiser24@quantcast.com,Female,246.241.234.69,NG,99659
78,Nobie,Maestro,nmaestro25@bluehost.com,Male,34.220.78.102,CA,63736
79,Vannie,Jakucewicz,vjakucewicz26@biblegateway.com,Female,155.180.148.155,IN,46736
80,Eveleen,Drinnan,edrinnan27@hhs.gov,Female,60.180.152.46,MR,68334
81,Orlan,Charnick,ocharnick28@army.mil,Male,200.15.0.22,PS,39612
82,Miguela,Bogie,mbogie29@imageshack.us,Female,101.225.105.173,CA,36499
83,Sherline,Denge,sdenge2a@weebly.com,Agender,43.4.32.221,ID,42689
84,Westbrooke,Brise,wbrise2b@indiatimes.com,Male,122.135.115.160,CA,36594
85,Petey,Burbank,pburbank2c@nasa.gov,Male,113.147.144.35,CN,47719
86,Esmaria,Bouldon,ebouldon2d@joomla.org,Female,87.216.53.36,CN,84610
87,Seamus,Hesey,shesey2e@twitter.com,Male,68.221.79.65,GR,75348
88,Tan,Inott,tinott2f@wp.com,Male,191.171.183.153,US,92109
89,Sofia,Allcroft,sallcroft2g@cam.ac.uk,Genderqueer,81.142.227.255,US,88788
90,Giorgio,Duffield,gduffield2h@ovh.net,Male,167.33.186.125,GA,60069
91,Alejandra,Lowrance,alowrance2i@icq.com,Female,212.103.108.170,AU,57545
92,Giles,Ivanishev,givanishev2j@army.mil,Male,146.170.45.242,CA,24167
93,Ailis,Phizacklea,aphizacklea2k@soup.io,Female,172.212.42.149,BG,31964
94,Charla,Hutchcraft,chutchcraft2l@gizmodo.com,Female,80.84.222.118,PA,70178
95,Cassaundra,Fawssett,cfawssett2m@google.co.uk,Female,31.26.241.140,PG,10888
96,Bartie,Skyner,bskyner2n@newsvine.com,Male,59.42.247.167,JP,46609
97,Gisela,Basford,gbasford2o@over-blog.com,Female,92.239.108.215,US,13184
98,Gerhardt,Roby,groby2p@google.com,Male,218.210.208.234,GA,59222
99,Myrtle,Kerrane,mkerrane2q@lulu.com,Female,57.185.22.16,ID,13340
100,Bill,Maginn,bmaginn2r@mit.edu,Male,177.221.88.185,AU,29244
101,Callean,Knowlden,cknowlden2s@nifty.com,Male,250.140.240.34,US,67941
102,Kaleena,Van Geffen,kvangeffen2t@si.edu,Female,95.162.157.246,MX,77879
103,Chrystal,Nunn,cnunn2u@hhs.gov,Female,194.133.45.221,US,27545
104,Karlyn,Beernt,kbeernt2v@reuters.com,Female,90.61.123.119,CA,38428
105,Jess,Baline,jbaline2w@hexun.com,Female,186.125.76.70,US,75222
106,Rebe,Berard,rberard2x@jiathis.com,Female,38.97.37.211,PH,36849
107,Udell,Guenther,uguenther2y@wordpress.org,Male,142.174.233.1,AU,48246
108,Jacklyn,Croom,jcroom2z@geocities.jp,Female,166.248.63.183,JP,92843
109,Kingsly,Harring,kharring30@technorati.com,Male,84.163.40.226,GB,31428
110,Costa,Chadwyck,cchadwyck31@domainmarket.com,Male,236.184.72.171,US,52452
111,Jodee,Lenham,jlenham32@sbwire.com,Female,63.50.33.14,SA,36679
112,Deidre,Cheyne,dcheyne33@hatena.ne.jp,Female,251.201.220.181,NZ,30856
113,Juditha,Doonican,jdoonican34@1und1.de,Female,121.16.61.113,NO,53807
114,Wallache,Chappel,wchappel35@lycos.com,Bigender,120.252.114.167,ZA,40346
115,Brock,Bonnyson,bbonnyson36@altervista.org,Male,144.191.177.224,RO,83543
116,Ira,Glancey,iglancey37@godaddy.com,Non-binary,0.76.87.97,US,38965
117,Hermy,Fairn,hfairn38@myspace.com,Male,37.94.166.148,IL,74539
118,Duffie,Rivaland,drivaland39@bloomberg.com,Male,231.61.141.49,PG,68844
119,Lolly,Lowne,llowne3a@cargocollective.com,Female,140.76.123.99,AU,43406
120,Brandon,Mackieson,bmackieson3b@webnode.com,Male,132.217.5.194,IS,83843
121,Marianne,Constant,mconstant3c@go.com,Female,172.187.48.22,MY,25813
122,Raeann,Playfoot,rplayfoot3d@icio.us,Female,77.242.23.145,US,62359
123,Rafaello,McMenemy,rmcmenemy3e@quantcast.com,Male,114.207.34.27,AU,32792
124,Batholomew,Aizkovitch,baizkovitch3f@hc360.com,Male,198.154.30.60,AU,89892
125,Jo,Esslemont,jesslemont3g@theatlantic.com,Female,183.48.80.72,CO,52850
126,Ottilie,Kroin,okroin3h@cnet.com,Female,39.169.75.61,PE,52954
127,Lorin,O' Finan,lofinan3i@altervista.org,Male,177.69.166.116,DM,15778
128,Bart,Wannop,bwannop3j@blogtalkradio.com,Male,157.26.71.89,CL,72894
129,Tamas,McKiernan,tmckiernan3k@prnewswire.com,Male,60.253.125.231,RO,60362
130,Kellen,Blazi,kblazi3l@sakura.ne.jp,Male,77.12.248.155,MY,46416
131,Emmi,Burgen,eburgen3m@columbia.edu,Genderqueer,95.214.217.125,RU,17449
132,Lucian,Ivic,livic3n@imdb.com,Polygender,197.34.151.114,RU,22215
133,Jarib,Airs,jairs3o@wp.com,Male,87.207.225.42,CA,96135
134,Kingston,Elton,kelton3p@csmonitor.com,Male,6.109.201.135,HU,65938
135,Deb,Imrie,dimrie3q@ebay.com,Female,9.226.142.85,BA,96900
136,Vladamir,Obell,vobell3r@altervista.org,Bigender,5.248.2.210,AU,17173
137,Trey,Ivery,tivery3s@loc.gov,Male,247.216.35.172,PF,55678
138,Sammy,Rawls,srawls3t@globo.com,Male,111.132.11.162,DK,71211
139,Sergent,Rubinchik,srubinchik3u@si.edu,Male,236.184.30.232,TW,95755
140,Hilario,Lamasna,hlamasna3v@studiopress.com,Male,241.95.185.51,CO,82048
141,Justin,Roswarne,jroswarne3w@npr.org,Male,42.136.87.72,ET,26512
142,Sal,Manford,smanford3x@amazonaws.com,Agender,55.144.188.224,BS,81305
143,Caprice,Monro,cmonro3y@surveymonkey.com,Female,18.182.82.143,SE,96744
144,Orsola,Spours,ospours3z@ustream.tv,Female,48.243.93.113,ZA,49068
145,Virgie,Huggett,vhuggett40@patch.com,Male,62.133.163.177,CL,32584
146,Orelia,Stonary,ostonary41@japanpost.jp,Female,76.171.92.16,VU,11483
147,Coriss,Wellbeloved,cwellbeloved42@xinhuanet.com,Female,51.139.237.41,US,34325
148,Margalo,Dowding,mdowding43@umich.edu,Female,127.239.228.34,US,54586
149,Salmon,Hallgarth,shallgarth44@vimeo.com,Male,208.16.135.156,CI,86845
150,Barnard,Sager,bsager45@newyorker.com,Male,27.37.146.128,DZ,46960
151,Eydie,Brasener,ebrasener46@reuters.com,Genderqueer,17.213.0.227,CD,24112
152,Madge,Lots,mlots47@google.ca,Female,196.161.93.77,NO,15551
153,Trstram,McMurrugh,tmcmurrugh48@freewebs.com,Male,205.178.79.112,NL,33051
154,Doyle,Kennsley,dkennsley49@goo.gl,Male,132.100.8.142,PE,11821
155,Rey,Caroline,rcaroline4a@pen.io,Male,172.178.1.134,US,90648
156,Elston,Tilbrook,etilbrook4b@ehow.com,Male,81.241.154.243,US,92782
157,Meara,Tripett,mtripett4c@opera.com,Female,1.154.147.191,PG,44428
158,Gerri,Haselup,ghaselup4d@bbb.org,Female,136.116.149.72,PG,88355
159,Stern,Batiste,sbatiste4e@twitpic.com,Male,140.168.200.119,FR,39144
160,Warner,Vasilic,wvasilic4f@dedecms.com,Male,220.157.1.39,US,37122
161,Karola,Spradbery,kspradbery4g@redcross.org,Female,181.112.42.117,CN,64669
162,Kermy,Shotton,kshotton4h@fc2.com,Male,152.200.89.249,US,96030
163,Barbi,McWhin,bmcwhin4i@elegantthemes.com,Female,103.70.81.82,US,50673
164,Luther,Bernard,lbernard4j@bloglines.com,Polygender,94.213.16.32,TR,23964
165,Jarad,Sandwick,jsandwick4k@disqus.com,Male,199.35.30.86,MZ,91659
166,Loralyn,Signore,lsignore4l@gizmodo.com,Female,153.183.178.40,US,64790
167,Berny,Bartosinski,bbartosinski4m@apple.com,Female,28.115.50.34,CD,51149
168,Ansell,MacKill,amackill4n@businesswire.com,Male,221.131.47.19,DE,88317
169,Ches,Fratson,cfratson4o@google.com,Male,82.59.75.157,JP,61625
170,Klarrisa,Harriot,kharriot4p@simplemachines.org,Female,187.0.120.89,US,20402
171,Etheline,Minchi,eminchi4q@macromedia.com,Female,172.144.65.22,US,36293
172,Darby,Sentance,dsentance4r@artisteer.com,Male,186.150.218.43,PE,69242
173,Binky,Draycott,bdraycott4s@home.pl,Male,174.171.238.92,ID,92877
174,Abner,Strathman,astrathman4t@squarespace.com,Male,199.187.119.218,VN,34852
175,Bartlet,Cubley,bcubley4u@ted.com,Male,71.93.176.7,GB,41031
176,Carey,Freschi,cfreschi4v@yellowbook.com,Male,86.68.181.23,US,94367
177,Bettina,Prewer,bprewer4w@hugedomains.com,Female,160.188.30.16,ID,95112
178,Toma,Gosz,tgosz4x@phpbb.com,Female,237.112.94.218,CA,19942
179,Matilda,Sivorn,msivorn4y@answers.com,Female,174.128.238.53,US,89551
180,Dorree,Donald,ddonald4z@taobao.com,Female,61.25.245.195,ET,99203
181,Vergil,Froome,vfroome50@acquirethisname.com,Male,173.22.193.105,US,53974
182,Lazaro,Capelen,lcapelen51@prlog.org,Male,245.16.166.170,PK,35863
183,Katleen,Hyne,khyne52@is.gd,Female,30.8.111.70,ET,34278
184,Chelsea,Laws,claws53@ebay.com,Female,22.57.143.5,BW,92673
185,Ursola,Glossop,uglossop54@businesswire.com,Polygender,220.174.48.103,AU,15045
186,Ly,Kirdsch,lkirdsch55@pen.io,Agender,9.83.34.41,PG,18517
187,Nettie,Kobierzycki,nkobierzycki56@tuttocitta.it,Female,10.158.60.194,SA,61042
188,Dorthy,Sloley,dsloley57@oakley.com,Female,253.130.128.254,CV,22231
189,Turner,Blasl,tblasl58@printfriendly.com,Male,74.64.59.64,MV,72959
190,Shayne,Jeffray,sjeffray59@alibaba.com,Male,80.99.21.15,ZA,61398
191,Hillery,Lowdyane,hlowdyane5a@myspace.com,Male,5.107.186.189,US,98860
192,Ernest,Ryding,eryding5b@sourceforge.net,Male,14.75.159.145,PK,23811
193,Janka,Rummery,jrummery5c@ftc.gov,Female,22.30.117.170,CO,61903
194,Averil,Matejic,amatejic5d@paginegialle.it,Male,41.32.126.182,MX,39459
195,Elvis,Cockill,ecockill5e@quantcast.com,Male,195.148.190.228,AR,62311
196,Mic,Rappoport,mrappoport5f@arizona.edu,Male,61.234.141.250,BA,51056
197,Gaelan,Brackenbury,gbrackenbury5g@altervista.org,Male,22.250.67.183,FJ,40850
198,Tammie,Delacoste,tdelacoste5h@noaa.gov,Male,150.186.214.207,CO,16027
199,Justinn,Bownas,jbownas5i@friendfeed.com,Female,141.176.143.84,US,47540
200,Raven,Harriss,rharriss5j@ted.com,Bigender,58.100.99.17,BR,42362
201,Lavinie,Edmonstone,ledmonstone5k@soup.io,Female,191.182.135.241,CA,72929
202,Gerardo,Hazelgrove,ghazelgrove5l@weather.com,Male,55.169.133.240,PF,11395
203,Kevin,Batstone,kbatstone5m@slate.com,Male,4.205.32.84,AU,11286
204,Evvy,D'Almeida,edalmeida5n@nationalgeographic.com,Agender,81.74.8.255,BR,84377
205,Blondell,di Rocca,bdirocca5o@smh.com.au,Genderfluid,188.145.18.199,US,72449
206,Sigismundo,Naptine,snaptine5p@gizmodo.com,Male,15.57.101.146,FR,24624
207,Amaleta,Sliney,asliney5q@forbes.com,Female,78.165.159.207,NZ,15718
208,Alessandra,Boughey,aboughey5r@rambler.ru,Female,139.185.63.71,US,48030
209,Jacquetta,Mohamed,jmohamed5s@flavors.me,Female,141.141.5.202,CA,30737
210,Brinn,Tamlett,btamlett5t@cnn.com,Polygender,86.198.224.91,US,52798
211,Basile,Elphey,belphey5u@wsj.com,Male,35.25.137.61,PR,70678
212,Tremaine,Livens,tlivens5v@xinhuanet.com,Male,200.108.166.22,US,52131
213,Sigfried,Startin,sstartin5w@msu.edu,Male,191.110.154.88,HN,15989
214,Maure,Maasze,mmaasze5x@indiatimes.com,Female,239.150.227.61,CN,75989
215,Hodge,Augie,haugie5y@tamu.edu,Genderqueer,148.31.103.35,TL,72600
216,Gualterio,Marrian,gmarrian5z@independent.co.uk,Genderfluid,42.208.90.198,AU,37622
217,Jania,Bennell,jbennell60@xrea.com,Female,253.35.149.122,ZW,67339
218,Fleming,O'Finan,fofinan61@economist.com,Male,205.27.125.185,AU,50269
219,Fonsie,Kleinplatz,fkleinplatz62@usa.gov,Male,144.124.51.48,NG,47672
220,Jake,Iskov,jiskov63@wordpress.com,Male,143.176.71.53,JM,81400
221,Westbrook,Danilov,wdanilov64@google.ru,Male,232.53.100.101,VU,48969
222,Haleigh,Mompesson,hmompesson65@harvard.edu,Male,84.22.184.108,CL,68407
223,Gordie,Fidelli,gfidelli66@utexas.edu,Male,150.180.229.147,AU,86930
224,Barbie,Wildman,bwildman67@boston.com,Female,186.140.109.144,BR,26163
225,Riki,Kennsley,rkennsley68@ebay.co.uk,Female,199.41.106.188,GR,42403
226,Jonathan,Ryton,jryton69@msu.edu,Male,136.163.37.60,PG,29722
227,Wilona,Ribey,wribey6a@nsw.gov.au,Female,86.13.8.12,RU,64995
228,Maxim,Dorrity,mdorrity6b@house.gov,Non-binary,214.170.49.3,GB,81171
229,Sammy,Baskerville,sbaskerville6c@hao123.com,Female,158.247.164.234,US,61860
230,Hubert,Oldman,holdman6d@prweb.com,Polygender,6.150.55.181,PG,20999
231,Harriot,Wigzell,hwigzell6e@reuters.com,Female,243.157.204.38,ID,74872
232,Jarad,Lepper,jlepper6f@artisteer.com,Male,117.93.133.83,CO,74769
233,Moina,Muirden,mmuirden6g@purevolume.com,Genderfluid,222.105.234.193,GB,72353
234,Zandra,Pentelo,zpentelo6h@ustream.tv,Female,64.253.2.63,US,79605
235,Wilhelmina,Madeley,wmadeley6i@yellowpages.com,Female,89.250.8.238,US,50565
236,Torrey,Elger,telger6j@epa.gov,Male,168.140.140.53,MG,44359
237,Daile,Sparry,dsparry6k@archive.org,Genderqueer,131.52.64.47,US,41687
238,Prudy,Chrishop,pchrishop6l@com.com,Female,18.57.158.100,CN,35592
239,Fonsie,Mauvin,fmauvin6m@vkontakte.ru,Bigender,90.40.194.230,US,63179
240,Liana,Harral,lharral6n@sohu.com,Female,192.228.115.244,IT,45946
241,Corby,Pashen,cpashen6o@theguardian.com,Male,35.196.67.24,GB,58887
242,Randell,Muir,rmuir6p@topsy.com,Male,199.27.129.168,BR,54096
243,Frederica,Choak,fchoak6q@sciencedirect.com,Female,22.200.173.138,DE,50152
244,Iris,Saunderson,isaunderson6r@pen.io,Polygender,187.159.125.98,GB,89024
245,Charmane,Fromant,cfromant6s@slideshare.net,Female,129.40.100.61,US,52950
246,Sunshine,Macconachy,smacconachy6t@irs.gov,Female,253.17.197.91,BW,74142
247,Lucas,Heyball,lheyball6u@businessweek.com,Male,226.149.238.194,IT,61262
248,Winnie,Paliser,wpaliser6v@usda.gov,Bigender,11.73.128.88,US,66541
249,Bernhard,Imorts,bimorts6w@ameblo.jp,Non-binary,247.186.4.28,SN,22623
250,Mari,McDarmid,mmcdarmid6x@stanford.edu,Female,227.127.239.200,US,65387
251,Mae,Ogle,mogle6y@ycombinator.com,Female,223.189.67.88,PG,91277
252,Raina,Jenyns,rjenyns6z@liveinternet.ru,Female,52.157.57.130,US,32682
253,Ty,Vidloc,tvidloc70@cam.ac.uk,Male,161.131.18.25,US,68367
254,Lian,Sweatman,lsweatman71@themeforest.net,Bigender,117.118.43.51,PK,25589
255,Maurise,McQuade,mmcquade72@canalblog.com,Male,114.47.95.174,AU,25470
256,Emory,Londer,elonder73@hibu.com,Male,106.23.209.235,DM,35007
257,Pierette,Petrou,ppetrou74@acquirethisname.com,Female,101.14.166.120,US,58422
258,Geno,Clapson,gclapson75@tmall.com,Male,142.70.17.59,US,99933
259,Dulce,Frede,dfrede76@reddit.com,Female,194.190.127.7,MN,61302
260,Nonna,Wyllcock,nwyllcock77@nature.com,Female,173.255.180.157,IS,99450
261,Crissy,Embleton,cembleton78@shutterfly.com,Female,124.243.232.165,AU,26958
262,Ruthie,Yirrell,ryirrell79@jugem.jp,Female,239.86.115.208,PG,57322
263,Chrissy,MacQuaker,cmacquaker7a@pbs.org,Male,176.49.90.70,BR,15982
264,Ugo,Laming,ulaming7b@census.gov,Male,211.225.37.203,BR,72999
265,Kerry,Giorgetti,kgiorgetti7c@unesco.org,Male,134.174.152.30,PH,49438
266,Flory,Copcote,fcopcote7d@reference.com,Male,189.129.113.228,CL,49165
267,Peta,Ivanaev,pivanaev7e@geocities.com,Female,49.253.251.239,PE,87177
268,Errick,Coghlan,ecoghlan7f@blogger.com,Male,148.150.95.98,SO,83723
269,Stacia,Atling,satling7g@wiley.com,Female,1.45.12.27,US,11891
270,Lew,Ogan,logan7h@utexas.edu,Male,212.22.192.77,CN,21505
271,Zelma,Pratty,zpratty7i@yandex.ru,Female,163.166.36.230,TH,27105
272,Drake,Callender,dcallender7j@dropbox.com,Male,49.18.74.206,CA,26070
273,Elwyn,Kubacki,ekubacki7k@miitbeian.gov.cn,Male,165.3.175.223,IT,18274
274,Katina,Lambshine,klambshine7l@berkeley.edu,Female,101.214.160.60,US,89596
275,Norry,Nuttey,nnuttey7m@admin.ch,Female,232.85.243.100,BO,20975
276,Blane,Tattershall,btattershall7n@macromedia.com,Male,12.106.31.188,DE,32600
277,Maxie,Elgie,melgie7o@mit.edu,Female,2.83.57.214,US,20717
278,Henryetta,Kiljan,hkiljan7p@prnewswire.com,Female,97.184.178.134,CF,18459
279,Mick,Ager,mager7q@360.cn,Bigender,232.151.40.215,FR,24291
280,Zonda,Loges,zloges7r@timesonline.co.uk,Female,156.193.77.48,MZ,94864
281,Simon,Strodder,sstrodder7s@liveinternet.ru,Male,40.158.50.139,US,87063
282,Wilmette,Brickett,wbrickett7t@jiathis.com,Female,1.111.220.227,JP,14116
283,Culver,Houlson,choulson7u@wikia.com,Male,73.142.107.134,MX,48678
284,Anet,Cready,acready7v@ucsd.edu,Female,18.8.147.14,AR,35235
285,Randall,Brownfield,rbrownfield7w@barnesandnoble.com,Male,2.148.156.108,PG,87589
286,Baillie,Buffin,bbuffin7x@bbc.co.uk,Male,157.29.61.21,MZ,26245
287,Rolfe,Kapelhof,rkapelhof7y@de.vu,Male,29.104.87.76,BT,79987
288,Winston,Brownill,wbrownill7z@github.com,Male,31.223.39.142,FR,91119
289,Hodge,Candy,hcandy80@plala.or.jp,Male,130.130.226.136,PG,67491
290,Melody,McInnes,mmcinnes81@behance.net,Female,47.195.194.238,MX,74740
291,Christoffer,Haydney,chaydney82@indiatimes.com,Male,44.216.160.59,BR,85675
292,Rorie,O'Gormally,rogormally83@narod.ru,Genderqueer,34.140.207.250,PG,40539
293,Blake,Luciani,bluciani84@behance.net,Agender,147.12.57.96,AU,26632
294,Jarrett,Joust,jjoust85@hhs.gov,Male,171.164.98.189,BO,31495
295,Audie,Straffon,astraffon86@a8.net,Female,131.95.128.154,AR,41059
296,Essie,Caudell,ecaudell87@nps.gov,Agender,31.19.33.73,GA,20124
297,Hayden,Van Daalen,hvandaalen88@columbia.edu,Male,122.209.135.39,FJ,11196
298,Georgena,Sedgemore,gsedgemore89@unblog.fr,Female,25.205.37.127,PK,12831
299,Bren,Connow,bconnow8a@edublogs.org,Male,145.94.125.216,US,95236
300,Erwin,Bragge,ebragge8b@shutterfly.com,Male,180.209.125.43,VE,18960
301,Roberto,Brandreth,rbrandreth8c@slideshare.net,Male,105.216.174.50,IN,88982
302,Sylvester,Wasling,swasling8d@buzzfeed.com,Male,194.10.159.228,KR,92070
303,Brendan,Murt,bmurt8e@un.org,Male,214.55.218.229,ID,89440
304,Waylan,Martensen,wmartensen8f@i2i.jp,Male,70.153.6.119,MX,50446
305,Fransisco,Franceschelli,ffranceschelli8g@mysql.com,Male,201.102.37.117,ID,50271
306,Philbert,McAteer,pmcateer8h@wikimedia.org,Male,228.97.249.202,CN,70821
307,Lia,Heddon,lheddon8i@cyberchimps.com,Female,80.198.239.42,US,67605
308,Rebeka,Seale,rseale8j@angelfire.com,Female,198.136.143.32,CA,57656
309,Kimmie,Allsup,kallsup8k@apple.com,Non-binary,50.107.126.159,CR,44266
310,Lennie,Danovich,ldanovich8l@cdbaby.com,Male,122.116.147.187,TL,31221
311,Martin,Anthona,manthona8m@irs.gov,Male,66.80.170.144,KR,10297
312,Mitchell,Lygo,mlygo8n@parallels.com,Male,247.30.42.2,IN,78260
313,Aliza,Purves,apurves8o@upenn.edu,Female,131.44.40.93,DZ,84264
314,Cori,Crofts,ccrofts8p@yahoo.co.jp,Female,246.105.174.70,PE,12954
315,Ariela,Desseine,adesseine8q@google.com.br,Female,97.239.215.97,US,56079
316,Maxwell,Prinn,mprinn8r@digg.com,Male,154.25.212.145,CU,41982
317,Traci,Sherrock,tsherrock8s@mysql.com,Polygender,153.247.23.102,PG,48027
318,Hans,Kingwell,hkingwell8t@sciencedaily.com,Male,117.217.94.192,BR,76572
319,Derick,Mersey,dmersey8u@google.com.br,Male,119.75.140.2,PG,68547
320,Waly,McCrachen,wmccrachen8v@goodreads.com,Female,209.204.169.53,US,34835
321,York,Olkowicz,yolkowicz8w@usa.gov,Male,73.18.237.88,MX,50283
322,Cathe,Ferreiro,cferreiro8x@scribd.com,Female,8.194.227.7,JP,38193
323,Sergeant,Worsall,sworsall8y@amazon.com,Male,164.244.175.117,HN,41609
324,Auberta,Rodda,arodda8z@spiegel.de,Female,216.78.102.140,ET,87935
325,Dan,Burnyeat,dburnyeat90@epa.gov,Male,225.172.82.77,MY,50963
326,Felix,Summerside,fsummerside91@hostgator.com,Male,130.209.254.143,NZ,90104
327,Michaelina,Fitzroy,mfitzroy92@canalblog.com,Female,89.138.191.112,CA,69017
328,Nikolai,Alexandre,nalexandre93@google.nl,Male,100.142.206.89,AU,72460
329,Jodee,Singh,jsingh94@amazon.co.uk,Female,234.21.91.200,US,72104
330,Martica,Locker,mlocker95@cargocollective.com,Female,69.145.191.140,BF,15012
331,Winnie,Kenney,wkenney96@fema.gov,Male,191.249.254.28,BR,30756
332,Antonius,Costelloe,acostelloe97@vimeo.com,Polygender,106.183.219.60,AU,44481
333,Corny,Lawrinson,clawrinson98@dyndns.org,Male,13.2.69.4,CI,95793
334,Spenser,Flewitt,sflewitt99@taobao.com,Male,142.210.230.152,TH,62336
335,Byran,Yarn,byarn9a@com.com,Male,245.163.88.43,ID,76524
336,Albina,Kinnard,akinnard9b@sun.com,Female,70.88.249.152,GW,97077
337,Osgood,Davidesco,odavidesco9c@oaic.gov.au,Male,13.108.219.80,PG,81676
338,Brok,Rennick,brennick9d@npr.org,Male,87.148.2.248,NO,53930
339,Janella,Kondrat,jkondrat9e@slashdot.org,Female,120.228.249.238,US,89647
340,Valerye,Trebbett,vtrebbett9f@washington.edu,Female,194.251.5.43,US,27838
341,Erma,Hazeltine,ehazeltine9g@narod.ru,Female,223.14.250.1,CA,19973
342,Feodora,Birtwell,fbirtwell9h@altervista.org,Bigender,145.200.200.53,MX,82428
343,Carmina,Rowantree,crowantree9i@hp.com,Genderfluid,201.170.0.238,MZ,86574
344,Florian,Spinella,fspinella9j@cbc.ca,Male,105.193.21.225,US,35191
345,Baily,Finnie,bfinnie9k@patch.com,Male,75.231.199.112,DE,11081
346,Ilse,Wrangle,iwrangle9l@webnode.com,Female,113.166.156.246,IN,47699
347,Cherish,Duckitt,cduckitt9m@hud.gov,Female,101.145.168.125,PG,16569
348,Ferdy,Mulgrew,fmulgrew9n@bandcamp.com,Male,144.125.86.64,US,52187
349,Tracie,Fairs,tfairs9o@skyrock.com,Male,27.161.103.191,US,58953
350,Cesya,Cowgill,ccowgill9p@taobao.com,Female,129.72.145.16,MZ,27442
351,Bryanty,Thibodeaux,bthibodeaux9q@google.ru,Male,175.49.9.220,AR,80577
352,Irving,Antonescu,iantonescu9r@twitter.com,Non-binary,45.118.165.37,US,88963
353,Brok,Loynes,bloynes9s@parallels.com,Male,75.29.30.30,HN,49742
354,Drusy,Karpychev,dkarpychev9t@imdb.com,Female,168.67.152.61,GY,68209
355,Candace,Vanichkov,cvanichkov9u@bandcamp.com,Female,166.239.173.10,TD,98773
356,Brien,Baert,bbaert9v@de.vu,Male,174.227.187.134,NZ,18044
357,Karel,Mayhead,kmayhead9w@myspace.com,Male,14.96.181.76,US,93295
358,Onfre,Matchett,omatchett9x@hc360.com,Male,89.164.44.58,PG,30856
359,Hervey,Neem,hneem9y@simplemachines.org,Male,86.74.76.150,US,21766
360,Ruperta,Lyford,rlyford9z@narod.ru,Female,219.49.38.9,US,77024
361,Cathee,Perryman,cperrymana0@discovery.com,Female,67.159.14.25,BG,55050
362,Nilson,Bentsen,nbentsena1@pbs.org,Male,74.177.214.66,CA,85034
363,Yettie,Syder,ysydera2@weebly.com,Female,43.226.230.76,US,68632
364,Nedi,Vurley,nvurleya3@google.es,Female,184.49.51.134,ID,13141
365,Patsy,Topham,ptophama4@mac.com,Male,109.82.254.141,VI,62470
366,Paulita,Ralphs,pralphsa5@godaddy.com,Female,21.229.81.233,CA,36072
367,Heidie,Mundell,hmundella6@yolasite.com,Female,195.235.144.93,CO,84299
368,Laurianne,Dibdall,ldibdalla7@seattletimes.com,Female,129.193.96.42,EG,93367
369,Puff,Duguid,pduguida8@zimbio.com,Male,245.82.201.202,DO,56182
370,Donnell,Robroe,drobroea9@mozilla.org,Male,22.179.107.193,US,14032
371,Adolphus,McClary,amcclaryaa@example.com,Male,99.74.99.201,FR,43213
372,Dagny,Wedderburn,dwedderburnab@lulu.com,Male,199.6.109.121,TR,51272
373,Tymon,Gisbey,tgisbeyac@apache.org,Male,77.248.183.23,US,74976
374,Amby,Gaven,agavenad@senate.gov,Male,162.174.215.95,CA,90598
375,Linet,Sedgefield,lsedgefieldae@discovery.com,Female,190.58.52.120,BR,37662
376,Heath,Yourell,hyourellaf@columbia.edu,Female,193.51.250.210,CN,99307
377,Roxanne,Pretor,rpretorag@nih.gov,Female,117.157.158.80,US,94764
378,Jenda,Jeffcoat,jjeffcoatah@paginegialle.it,Female,244.148.39.170,US,83742
379,Emmey,Pettifer,epettiferai@technorati.com,Female,249.212.95.52,MR,64820
380,Ev,Kunze,ekunzeaj@stumbleupon.com,Male,191.99.129.14,US,98831
381,Pepita,Betterton,pbettertonak@hexun.com,Female,20.215.251.117,US,83912
382,Sheelagh,Ghiriardelli,sghiriardellial@wikispaces.com,Female,187.55.79.248,AU,63103
383,Bearnard,Bowick,bbowickam@mozilla.org,Male,99.127.250.219,JP,45115
384,Lennard,St. Pierre,lstpierrean@w3.org,Male,8.182.135.43,PG,66331
385,Jessie,Landreth,jlandrethao@thetimes.co.uk,Male,136.29.56.100,BZ,78789
386,Laural,Airlie,lairlieap@sphinn.com,Female,28.246.36.68,DE,49933
387,Petronia,Cayle,pcayleaq@fastcompany.com,Female,127.80.67.165,PA,80301
388,Carter,Vautre,cvautrear@nydailynews.com,Male,240.47.112.132,DZ,40823
389,Oneida,Denington,odeningtonas@goodreads.com,Female,39.107.24.19,CN,37066
390,Cindi,Oakwood,coakwoodat@who.int,Female,223.213.56.148,AR,42359
391,Granny,Bourke,gbourkeau@mashable.com,Agender,53.254.154.163,TH,98641
392,Shirleen,MacDirmid,smacdirmidav@storify.com,Female,249.54.203.146,CA,53430
393,Lari,Skures,lskuresaw@ed.gov,Female,17.194.238.246,CM,41181
394,Marty,Henze,mhenzeax@skyrock.com,Female,53.52.160.106,GB,70982
395,Oralle,Rantoul,orantoulay@wikimedia.org,Female,156.208.231.82,MM,89759
396,Rickie,Owbrick,rowbrickaz@examiner.com,Female,148.27.179.207,CD,40630
397,Kala,Dunlea,kdunleab0@ucoz.com,Female,230.67.246.239,ID,89031
398,Ripley,Burroughes,rburroughesb1@storify.com,Male,151.201.182.56,DE,48516
399,Greer,Saladin,gsaladinb2@jimdo.com,Female,48.85.241.20,IN,98855
400,Mortie,Newbatt,mnewbattb3@t-online.de,Male,40.87.9.62,US,41479
401,Marcellus,Startin,mstartinb4@elpais.com,Male,49.172.42.141,LK,36543
402,Gwynne,Willoughby,gwilloughbyb5@ftc.gov,Female,3.32.70.128,CA,27086
403,Mile,Casillis,mcasillisb6@tripod.com,Genderfluid,113.51.123.102,US,30284
404,Alexa,Downse,adownseb7@google.co.jp,Female,186.254.101.43,MR,84608
405,Rebekah,Schowenburg,rschowenburgb8@g.co,Female,189.228.185.3,MN,96088
406,Noland,Churching,nchurchingb9@oakley.com,Male,236.102.144.36,US,30454
407,Blanca,Eloy,beloyba@mapy.cz,Polygender,104.87.22.0,PG,30506
408,Luelle,Cleft,lcleftbb@flickr.com,Female,84.34.81.191,US,25144
409,Mace,Aldred,maldredbc@prweb.com,Male,84.70.76.212,CA,73894
410,Kettie,Stallan,kstallanbd@ucla.edu,Female,144.45.114.72,DE,17669
411,Genny,McAllan,gmcallanbe@elpais.com,Female,171.19.148.171,ID,46704
412,Rosie,Plampin,rplampinbf@boston.com,Female,238.136.240.32,ID,48096
413,Roseann,Krzyzanowski,rkrzyzanowskibg@over-blog.com,Female,25.253.248.20,MX,36773
414,Sigismund,Spender,sspenderbh@paginegialle.it,Male,254.206.251.133,US,49346
415,Gilemette,McKernan,gmckernanbi@hc360.com,Female,39.185.2.125,CA,22050
416,Johny,Swann,jswannbj@example.com,Male,49.47.61.148,AU,89882
417,Aleen,Blowfelde,ablowfeldebk@fastcompany.com,Female,163.52.136.20,AF,45920
418,Concettina,Chasemoore,cchasemoorebl@fc2.com,Female,163.34.81.79,US,41002
419,Celestine,Illwell,cillwellbm@ifeng.com,Female,222.106.251.60,US,46608
420,Cathyleen,Badwick,cbadwickbn@ucoz.ru,Female,121.130.178.177,US,62976
421,Samuele,Massingham,smassinghambo@bizjournals.com,Male,59.203.110.146,TR,80313
422,Leonhard,Grimolbie,lgrimolbiebp@ow.ly,Male,2.224.119.129,US,83258
423,Julieta,Mintoff,jmintoffbq@house.gov,Genderfluid,57.21.24.141,MW,65394
424,Lucas,Fenny,lfennybr@nih.gov,Male,46.161.110.84,PE,76220
425,Wilma,Jenman,wjenmanbs@webmd.com,Agender,30.90.138.57,BR,10088
426,Tiffany,Huskisson,thuskissonbt@gnu.org,Female,207.204.94.30,ID,93798
427,Emmeline,Carlozzi,ecarlozzibu@sohu.com,Female,160.71.183.16,MR,92370
428,Yvon,Izakovitz,yizakovitzbv@php.net,Male,159.213.94.61,MT,50261
429,Jessika,Singh,jsinghbw@japanpost.jp,Female,92.62.137.53,MX,92148
430,Freeland,Plowman,fplowmanbx@mozilla.com,Male,205.161.47.158,NO,57215
431,Jacky,Deboo,jdebooby@shareasale.com,Male,241.252.93.68,PF,84870
432,Darrin,Bavage,dbavagebz@un.org,Male,106.183.223.232,SE,52256
433,Lanie,Westall,lwestallc0@adobe.com,Bigender,230.87.79.68,US,71271
434,Tallie,Dumblton,tdumbltonc1@360.cn,Female,12.78.153.201,US,33565
435,Janaye,Brownsea,jbrownseac2@chron.com,Female,163.165.177.145,AU,49732
436,Yvette,Gerleit,ygerleitc3@wisc.edu,Female,134.90.214.17,DE,90087
437,Webster,Gynni,wgynnic4@flavors.me,Male,103.173.127.213,CA,56154
438,Bambi,Di Maggio,bdimaggioc5@t.co,Female,137.255.101.30,US,48385
439,Cortie,Marjanski,cmarjanskic6@soup.io,Male,122.255.99.15,AU,68803
440,Hi,Jowett,hjowettc7@vimeo.com,Male,253.194.101.103,MH,51407
441,Jedd,Lemerle,jlemerlec8@google.ca,Male,40.60.144.200,BR,90700
442,Chrysa,Durran,cdurranc9@army.mil,Female,246.159.225.45,NP,19508
443,Karlan,Cavey,kcaveyca@seattletimes.com,Male,126.213.225.95,AR,19319
444,Riccardo,Garfath,rgarfathcb@adobe.com,Male,204.25.19.40,US,99070
445,Shaina,Orneblow,sorneblowcc@bluehost.com,Female,161.174.164.156,YE,32214
446,Danni,Oman,domancd@shutterfly.com,Female,82.159.113.21,CN,44176
447,Sheffie,Allain,sallaince@tiny.cc,Male,214.117.127.2,US,10950
448,Starla,Fouracre,sfouracrecf@networkadvertising.org,Female,88.56.19.76,NZ,47229
449,Garwin,Crigin,gcrigincg@ycombinator.com,Male,101.32.169.228,TZ,92036
450,Pierson,Krolman,pkrolmanch@pcworld.com,Male,89.117.2.74,AU,80887
451,Bondie,Rizzillo,brizzilloci@123-reg.co.uk,Male,60.15.183.96,ID,48811
452,Averyl,Sandeson,asandesoncj@instagram.com,Female,134.244.213.85,US,58210
453,Paten,Brookson,pbrooksonck@wired.com,Male,14.10.75.40,PG,30989
454,Gerda,Blackster,gblackstercl@msn.com,Female,55.193.159.228,GA,66656
455,Malvin,McCaig,mmccaigcm@si.edu,Male,252.110.158.90,US,28001
456,Normand,Pickthorn,npickthorncn@last.fm,Genderqueer,207.130.91.208,CU,73911
457,Nils,Maxstead,nmaxsteadco@dell.com,Male,64.126.244.143,US,60782
458,Webb,Maffy,wmaffycp@ox.ac.uk,Male,198.196.164.58,US,89166
459,Graeme,Coultish,gcoultishcq@t-online.de,Male,63.30.14.41,LK,53810
460,Zeb,Donnel,zdonnelcr@state.tx.us,Male,227.213.147.140,PL,67720
461,Quillan,Dymoke,qdymokecs@pcworld.com,Male,97.201.242.74,US,27510
462,Manolo,Kilby,mkilbyct@mediafire.com,Male,212.13.130.54,PG,98161
463,Rosmunda,Sandiland,rsandilandcu@com.com,Agender,247.188.250.200,LU,38615
464,Tammy,Brookes,tbrookescv@businesswire.com,Male,214.220.178.19,US,33206
465,Travus,Keaveney,tkeaveneycw@cdbaby.com,Male,98.128.78.35,US,50280
466,Rosemary,Moth,rmothcx@slideshare.net,Female,210.150.80.172,NF,78863
467,Vivyanne,Roux,vrouxcy@dell.com,Female,38.184.37.167,AU,98181
468,Laurella,Errowe,lerrowecz@geocities.jp,Female,25.103.136.115,US,44322
469,Hale,Elph,helphd0@mozilla.com,Male,97.25.222.249,CO,76284
470,Giacopo,Greaves,ggreavesd1@qq.com,Male,252.16.40.36,HU,18042
471,Brod,Briatt,bbriattd2@cbsnews.com,Male,193.35.82.85,EC,80042
472,Mia,Grasha,mgrashad3@dedecms.com,Female,134.199.176.16,PG,36544
473,Gabriell,Kingsnorth,gkingsnorthd4@europa.eu,Female,133.195.28.57,CL,96529
474,Corine,Woodus,cwoodusd5@usa.gov,Female,13.230.59.98,PG,43736
475,Heindrick,Pelcheur,hpelcheurd6@epa.gov,Genderqueer,47.205.38.135,AU,46500
476,Shell,Jinkin,sjinkind7@last.fm,Male,20.136.45.164,ET,91853
477,Bev,Harbour,bharbourd8@princeton.edu,Genderqueer,170.44.246.149,IS,78767
478,Maureen,Bobasch,mbobaschd9@surveymonkey.com,Female,115.55.23.109,AE,32538
479,Sydel,Vorley,svorleyda@statcounter.com,Female,19.228.184.213,GB,47639
480,Yanaton,Klauer,yklauerdb@spotify.com,Male,67.65.57.112,FR,56299
481,Wyatan,Iohananof,wiohananofdc@istockphoto.com,Male,20.38.45.181,AU,51159
482,Vi,Bovingdon,vbovingdondd@dailymotion.com,Female,210.43.54.140,TR,76629
483,Ray,McGonigal,rmcgonigalde@bloglines.com,Male,220.98.228.114,GB,51396
484,Felicle,Leathley,fleathleydf@google.com.br,Genderqueer,183.61.51.248,MA,71037
485,Missie,Jephcote,mjephcotedg@mapy.cz,Female,193.145.81.159,US,14057
486,Nikolia,McAvaddy,nmcavaddydh@hibu.com,Female,76.165.24.81,AO,81250
487,Caresse,Palister,cpalisterdi@usda.gov,Agender,64.91.68.12,US,84277
488,Kalindi,Heaselgrave,kheaselgravedj@multiply.com,Bigender,73.175.107.101,US,93494
489,Avivah,Whear,awheardk@i2i.jp,Female,239.57.147.207,VE,64764
490,Clim,Rumford,crumforddl@pcworld.com,Male,165.123.22.142,US,67346
491,Fredric,Dyball,fdyballdm@vkontakte.ru,Male,140.176.7.139,AU,64314
492,Dennison,Terrelly,dterrellydn@webeden.co.uk,Polygender,232.85.17.25,CN,96919
493,Christoper,Verling,cverlingdo@gizmodo.com,Male,217.129.70.247,NZ,71824
494,Amandie,Birwhistle,abirwhistledp@sciencedaily.com,Female,241.85.27.137,VN,63100
495,Hedda,Lethardy,hlethardydq@oracle.com,Female,240.205.63.92,BD,50129
496,Corrianne,Greenig,cgreenigdr@eepurl.com,Female,186.185.247.17,CA,18480
497,Bing,McNess,bmcnessds@creativecommons.org,Genderfluid,86.184.24.77,PG,14884
498,Eliza,Cunnell,ecunnelldt@ucoz.ru,Female,217.143.98.135,RU,28547
499,Riki,Joblin,rjoblindu@archive.org,Female,105.66.211.64,PG,64217
500,Emilio,Bodesson,ebodessondv@fc2.com,Male,43.230.160.191,US,50501
501,Homer,Goldman,hgoldmandw@nymag.com,Male,108.99.176.92,UA,82343
502,Katlin,Mathiassen,kmathiassendx@soundcloud.com,Female,140.0.153.28,US,46353
503,Benny,Philpault,bphilpaultdy@diigo.com,Female,241.156.124.9,US,69854
504,Renelle,Ashleigh,rashleighdz@msn.com,Female,147.47.73.147,AU,35434
505,Hestia,Cottage,hcottagee0@uol.com.br,Female,147.212.13.179,US,67646
506,Cathlene,De Hoogh,cdehooghe1@51.la,Female,186.137.189.90,US,99881
507,See,Scothorne,sscothornee2@bloomberg.com,Male,240.188.97.37,RU,20979
508,Pearle,Ruffle,prufflee3@discovery.com,Female,149.115.4.83,MY,98990
509,Pepillo,Mundall,pmundalle4@mozilla.com,Agender,142.251.172.109,NC,44188
510,Carie,Heinonen,cheinonene5@yelp.com,Female,91.167.183.111,US,49561
511,Edna,Searchwell,esearchwelle6@nba.com,Female,143.168.186.186,US,15757
512,Jen,Hards,jhardse7@qq.com,Female,21.255.211.81,AU,30923
513,Phillida,Kowalski,pkowalskie8@disqus.com,Female,79.101.166.169,AU,25405
514,Sharai,Isgate,sisgatee9@youtube.com,Female,54.60.215.185,FJ,38014
515,Bathsheba,MacDunleavy,bmacdunleavyea@bbc.co.uk,Female,118.201.128.28,VG,45168
516,Crosby,Ladewig,cladewigeb@sfgate.com,Male,113.245.188.162,AR,98402
517,Nadia,Godin,ngodinec@unesco.org,Female,202.142.77.121,HN,94134
518,Dagny,Shergold,dshergolded@dagondesign.com,Polygender,142.253.26.251,CN,93711
519,Eryn,Elmer,eelmeree@vk.com,Female,167.232.21.168,MN,89274
520,Tally,Ladbrooke,tladbrookeef@house.gov,Female,112.26.105.12,CA,95257
521,Nicoline,Marquis,nmarquiseg@storify.com,Female,153.170.251.3,US,69192
522,Kriste,Lynn,klynneh@narod.ru,Female,128.222.101.96,CN,79869
523,Gale,Kettle,gkettleei@sitemeter.com,Polygender,24.47.89.31,FR,16992
524,Jimmy,Bucher,jbucherej@netscape.com,Male,21.113.152.21,AU,29689
525,Geoffrey,Brient,gbrientek@skype.com,Male,226.0.37.9,GY,19286
526,Alanna,Westcarr,awestcarrel@parallels.com,Female,105.179.33.189,TR,60210
527,Roseline,Casillis,rcasillisem@cocolog-nifty.com,Female,117.178.25.236,ID,10934
528,Laureen,MacAlester,lmacalesteren@eventbrite.com,Female,245.81.80.20,TR,16577
529,Harley,MacTurlough,hmacturlougheo@yolasite.com,Male,64.217.225.108,BR,72437
530,Esme,Pattison,epattisonep@acquirethisname.com,Male,176.5.130.9,PF,91840
531,Ivan,Jaye,ijayeeq@qq.com,Male,51.39.253.65,SK,11854
532,Alphard,Edon,aedoner@jimdo.com,Male,240.46.6.143,TN,38271
533,Maurita,Moiser,mmoiseres@oracle.com,Female,173.72.177.1,US,90033
534,Farah,Charnick,fcharnicket@phpbb.com,Female,54.3.253.147,ID,82078
535,Orson,Vayro,ovayroeu@marketwatch.com,Male,119.117.241.67,CZ,96734
536,Elston,Worsall,eworsallev@yale.edu,Male,135.219.80.125,US,78197
537,Nero,McOwen,nmcowenew@ftc.gov,Male,81.175.215.1,ZA,26948
538,Isabeau,Gabbat,igabbatex@issuu.com,Female,65.10.126.255,US,50905
539,Mei,Stearne,mstearneey@ihg.com,Polygender,93.217.93.28,ZA,60975
540,Luigi,Reame,lreameez@mapy.cz,Male,21.15.197.229,LK,50103
541,Claretta,Archdeckne,carchdecknef0@mit.edu,Female,212.138.250.136,US,78999
542,Hanan,Loker,hlokerf1@seattletimes.com,Male,177.24.193.91,AU,37497
543,Igor,Cruxton,icruxtonf2@sina.com.cn,Male,245.188.19.207,IS,84890
544,Ingrid,Leer,ileerf3@abc.net.au,Bigender,16.9.138.136,GR,22672
545,Cecil,Freer,cfreerf4@netscape.com,Male,67.213.169.33,CN,82232
546,Bourke,Cowlam,bcowlamf5@google.fr,Agender,251.241.178.30,US,17215
547,Griffie,Mattioni,gmattionif6@quantcast.com,Male,22.177.255.245,SA,41477
548,Vladimir,Wileman,vwilemanf7@wunderground.com,Male,13.248.7.144,CA,62576
549,Rosanne,Sirr,rsirrf8@exblog.jp,Female,152.23.56.129,AZ,56606
550,Lindsay,Maes,lmaesf9@walmart.com,Male,119.240.100.127,PG,75123
551,Galven,Dennistoun,gdennistounfa@mlb.com,Male,13.77.209.189,DZ,49531
552,Gaye,Dillway,gdillwayfb@vimeo.com,Female,198.45.222.131,US,43545
553,Torrin,Yokley,tyokleyfc@hp.com,Male,171.43.199.7,ID,34930
554,Tate,O' Loughran,toloughranfd@weibo.com,Male,67.10.119.151,FI,43678
555,Lindsey,Brownlea,lbrownleafe@theguardian.com,Female,101.145.173.96,FI,51429
556,Aristotle,Grint,agrintff@salon.com,Male,88.96.161.193,US,74603
557,Boote,Wyman,bwymanfg@elpais.com,Male,118.250.117.222,PR,56239
558,Charmian,Bandt,cbandtfh@fotki.com,Female,43.234.18.183,ID,30661
559,Martie,Matula,mmatulafi@cnet.com,Male,53.186.238.148,JP,37488
560,Kaleena,Riddel,kriddelfj@tinyurl.com,Female,12.117.207.53,PF,14952
561,Bailey,Reah,breahfk@cornell.edu,Agender,37.41.114.11,GT,73325
562,Corinna,Gerssam,cgerssamfl@virginia.edu,Female,39.172.44.199,MN,28934
563,Niall,Vatcher,nvatcherfm@geocities.jp,Male,137.138.242.103,KE,36397
564,Rutger,McClurg,rmcclurgfn@wordpress.com,Male,232.37.139.234,RU,14713
565,Howie,Peyes,hpeyesfo@nydailynews.com,Polygender,215.42.181.62,TL,99070
566,Elana,Merrien,emerrienfp@posterous.com,Female,217.116.117.226,CO,50537
567,Brande,Easterling,beasterlingfq@acquirethisname.com,Female,31.114.60.130,AU,12801
568,Georgena,Klassman,gklassmanfr@live.com,Female,35.169.183.141,CF,80819
569,Mariette,Martineau,mmartineaufs@1und1.de,Female,172.106.145.229,US,91534
570,Lonnard,McMurdo,lmcmurdoft@nsw.gov.au,Male,229.91.154.62,CA,66616
571,Alane,Borris,aborrisfu@noaa.gov,Female,247.65.122.56,MZ,72093
572,Cecil,Matashkin,cmatashkinfv@instagram.com,Male,174.66.144.87,NP,22145
573,Mack,Leyban,mleybanfw@quantcast.com,Male,21.111.180.28,BR,79420
574,Cathee,Dessent,cdessentfx@sina.com.cn,Female,30.250.8.245,FR,60118
575,Florry,Vasyushkhin,fvasyushkhinfy@privacy.gov.au,Non-binary,52.132.70.240,CA,89866
576,Noe,Nan Carrow,nnancarrowfz@state.tx.us,Male,94.16.35.113,US,60822
577,Rriocard,Zanelli,rzanellig0@dropbox.com,Male,158.229.11.232,CA,91179
578,Ludwig,Hullah,lhullahg1@github.io,Male,160.42.40.123,BR,42585
579,Dorolisa,Sempill,dsempillg2@ow.ly,Female,117.187.254.244,US,36127
580,Benjie,Huckerby,bhuckerbyg3@dion.ne.jp,Male,58.231.149.160,TR,12866
581,Mattie,Jumeau,mjumeaug4@theglobeandmail.com,Female,167.233.73.31,CG,60228
582,Mitchael,Schiementz,mschiementzg5@unesco.org,Male,236.3.47.44,MG,79588
583,Corbie,Caps,ccapsg6@aol.com,Male,186.151.25.24,CA,80536
584,Bonni,Casari,bcasarig7@bloglovin.com,Polygender,94.138.98.23,ET,43875
585,Nicoline,Korpal,nkorpalg8@sphinn.com,Female,167.93.179.67,US,33301
586,Christel,Seymour,cseymourg9@hubpages.com,Female,87.154.105.148,US,86861
587,Donnie,Pleasants,dpleasantsga@rediff.com,Female,57.123.231.61,US,31440
588,Charlton,Osgerby,cosgerbygb@chronoengine.com,Male,180.115.56.241,US,92434
589,Nathanil,Christophe,nchristophegc@mapy.cz,Male,110.89.233.16,CD,53862
590,Farris,Bouchard,fbouchardgd@house.gov,Male,48.153.239.73,NG,25177
591,Darell,Bridie,dbridiege@tumblr.com,Female,135.235.81.146,SB,60850
592,Eran,Clissell,eclissellgf@kickstarter.com,Female,228.221.91.97,GB,69163
593,Cherilyn,Bursnell,cbursnellgg@businesswire.com,Female,252.59.167.176,AO,45043
594,Nelli,Tallach,ntallachgh@harvard.edu,Female,221.159.2.227,SB,49425
595,Thaxter,Krikorian,tkrikoriangi@trellian.com,Male,32.204.89.223,CA,93256
596,Konstantine,Inde,kindegj@uiuc.edu,Male,247.206.5.86,CD,38071
597,Shanta,Cleere,scleeregk@usa.gov,Female,215.116.147.4,DE,81809
598,Waite,Chaffer,wchaffergl@163.com,Male,125.158.97.247,AU,51073
599,Maddy,Asbrey,masbreygm@mapy.cz,Female,172.58.27.213,SZ,19380
600,Ado,Ceely,aceelygn@ted.com,Male,225.218.113.248,ID,20828
601,Evelyn,O'Dempsey,eodempseygo@123-reg.co.uk,Female,156.235.57.61,CR,65869
602,Babb,Sends,bsendsgp@google.fr,Female,130.24.123.13,CR,68519
603,Malinda,Wansbury,mwansburygq@state.tx.us,Female,114.98.53.48,AU,49430
604,Elnore,Head,eheadgr@wix.com,Female,253.29.71.27,ME,68085
605,Fielding,Kalkhoven,fkalkhovengs@google.ca,Male,129.97.6.81,US,37662
606,Jandy,Bustard,jbustardgt@abc.net.au,Female,110.246.20.188,US,12333
607,Charmain,Scading,cscadinggu@jugem.jp,Female,241.38.112.242,US,54020
608,Haskell,Brou,hbrougv@exblog.jp,Male,65.102.145.205,TZ,35317
609,Blondy,Jordeson,bjordesongw@admin.ch,Female,251.148.2.25,US,46827
610,Frederich,Crees,fcreesgx@accuweather.com,Male,18.25.49.99,IN,64768
611,Maryanne,Kain,mkaingy@sfgate.com,Female,192.141.184.124,CA,12439
612,Wayne,Martschik,wmartschikgz@mail.ru,Male,76.74.143.34,US,33585
613,Abel,Stockport,astockporth0@list-manage.com,Male,12.230.202.218,MZ,14649
614,Abe,Goodswen,agoodswenh1@jalbum.net,Male,122.127.223.92,US,95458
615,Felice,Phippin,fphippinh2@usda.gov,Female,81.36.10.184,UY,64666
616,Dorothea,Baumert,dbaumerth3@wix.com,Female,146.79.226.212,AU,33562
617,Corry,Rantoull,crantoullh4@theglobeandmail.com,Female,87.130.103.250,LK,27929
618,Carmina,Basil,cbasilh5@gravatar.com,Female,105.10.1.191,FJ,80983
619,Bambie,Furbank,bfurbankh6@admin.ch,Female,58.16.168.32,AU,50934
620,Leilah,Shawyer,lshawyerh7@bloomberg.com,Female,188.32.240.189,BO,49781
621,Janifer,Sorel,jsorelh8@netscape.com,Female,168.203.104.67,US,47003
622,Andrey,Frankcombe,afrankcombeh9@jimdo.com,Male,28.61.154.30,NZ,38326
623,Sander,Cowley,scowleyha@jimdo.com,Male,147.36.171.151,CN,91514
624,Wenona,MacNockater,wmacnockaterhb@homestead.com,Female,68.13.23.50,BD,60862
625,Sayre,Minney,sminneyhc@tinyurl.com,Genderfluid,109.191.231.96,PG,43943
626,Reynold,Klebes,rklebeshd@hostgator.com,Male,201.213.248.20,SY,91996
627,Sibilla,Denial,sdenialhe@stanford.edu,Female,100.58.174.21,BF,15899
628,Eden,Ericsson,eericssonhf@dmoz.org,Female,158.202.199.203,US,58221
629,Bevon,Rewbottom,brewbottomhg@mayoclinic.com,Male,215.119.229.125,TR,68512
630,Elbertine,Collibear,ecollibearhh@cyberchimps.com,Female,168.162.163.226,NP,26569
631,Van,Stuckey,vstuckeyhi@omniture.com,Female,171.186.73.149,IT,69279
632,Paloma,Elves,pelveshj@jimdo.com,Female,20.65.57.101,PF,20426
633,Niko,Winspire,nwinspirehk@w3.org,Male,196.249.68.197,CL,19659
634,Tull,Delahunty,tdelahuntyhl@geocities.com,Male,189.197.254.17,FJ,60272
635,Kimmy,Glendzer,kglendzerhm@rakuten.co.jp,Female,85.4.132.239,RU,98791
636,Abdul,Capitano,acapitanohn@mediafire.com,Male,219.214.64.48,US,54631
637,Toni,Duckitt,tduckittho@mit.edu,Female,57.204.167.195,US,94947
638,Rodolfo,Claremont,rclaremonthp@uol.com.br,Male,255.112.100.82,CD,83136
639,Ebenezer,Winscum,ewinscumhq@ucoz.ru,Male,189.234.162.249,CO,86095
640,Logan,Tear,ltearhr@ycombinator.com,Male,69.92.122.250,CN,46820
641,Garfield,Dregan,gdreganhs@lulu.com,Male,19.21.62.220,IN,96197
642,Aeriela,McKinna,amckinnaht@i2i.jp,Female,117.15.186.158,US,29039
643,Brittani,Stiggers,bstiggershu@huffingtonpost.com,Female,191.50.136.170,RU,96126
644,Jesselyn,Howlin,jhowlinhv@etsy.com,Polygender,83.48.192.78,GB,90034
645,Myca,Durtnall,mdurtnallhw@t-online.de,Male,235.111.197.223,CA,65769
646,Fayth,Churchouse,fchurchousehx@wikia.com,Female,249.171.178.130,FR,56628
647,Brigid,Starbucke,bstarbuckehy@google.es,Female,3.112.206.111,MR,46773
648,Izabel,Boxer,iboxerhz@ucoz.com,Female,195.201.221.64,ID,80666
649,Kellia,Georgievski,kgeorgievskii0@illinois.edu,Genderqueer,140.28.146.193,DK,73592
650,Beverie,Kasbye,bkasbyei1@sciencedirect.com,Agender,241.128.135.84,VN,17992
651,Chrotoem,Jossel,cjosseli2@house.gov,Male,53.247.179.213,PA,34677
652,Annabelle,Treske,atreskei3@devhub.com,Female,71.68.56.162,PG,50301
653,Kala,Benner,kbenneri4@nymag.com,Female,218.209.58.117,PF,24182
654,Cosette,Tomala,ctomalai5@nationalgeographic.com,Female,30.127.208.247,US,35069
655,Celisse,Gritskov,cgritskovi6@sphinn.com,Female,159.230.82.123,GQ,76998
656,Sharia,Nassy,snassyi7@taobao.com,Female,195.27.101.220,TR,33402
657,Joell,Harradence,jharradencei8@paypal.com,Female,181.253.25.242,CH,46738
658,Constancia,Tarbett,ctarbetti9@biblegateway.com,Female,162.11.146.213,US,36089
659,Jewell,Coffey,jcoffeyia@nbcnews.com,Female,144.225.228.113,ET,43605
660,Marget,Strutton,mstruttonib@acquirethisname.com,Genderqueer,189.156.176.47,OM,10343
661,Calv,Grzesiewicz,cgrzesiewiczic@chronoengine.com,Male,125.185.220.160,US,56194
662,Donaugh,Leeke,dleekeid@npr.org,Male,194.146.61.174,ID,15069
663,Sandy,Quinn,squinnie@ovh.net,Non-binary,244.68.131.0,SA,53573
664,Brandais,Rait,braitif@drupal.org,Female,219.192.216.138,US,92954
665,Claudell,MacNamee,cmacnameeig@indiegogo.com,Bigender,136.68.16.247,MV,15874
666,Yankee,Elam,yelamih@wix.com,Male,249.225.128.218,ID,43113
667,Talya,Rosenblad,trosenbladii@vistaprint.com,Female,17.217.50.77,US,86391
668,Nicole,Gorrissen,ngorrissenij@51.la,Female,227.175.213.13,CN,48332
669,Hayes,Stearn,hstearnik@senate.gov,Male,234.165.165.103,SB,10180
670,Davine,Cabel,dcabelil@jigsy.com,Female,157.5.221.150,CD,40686
671,Carlynne,Northall,cnorthallim@amazon.co.uk,Female,172.23.120.146,US,53977
672,Moore,McGuff,mmcguffin@ebay.com,Male,126.72.198.37,MG,58186
673,Heidie,Frude,hfrudeio@comsenz.com,Female,12.13.4.78,ID,70461
674,De,Marquez,dmarquezip@a8.net,Genderqueer,74.85.238.8,US,79919
675,Mitchael,Meiklejohn,mmeiklejohniq@redcross.org,Male,195.218.222.37,CO,69329
676,Ewell,Wornum,ewornumir@dell.com,Male,84.8.247.224,KZ,89167
677,Ferguson,Corday,fcordayis@spiegel.de,Male,47.168.221.49,HU,98216
678,Nannie,Geer,ngeerit@infoseek.co.jp,Non-binary,169.116.118.228,US,20974
679,Dario,Caswall,dcaswalliu@usatoday.com,Male,138.79.32.178,PK,18591
680,Tymon,Billington,tbillingtoniv@loc.gov,Male,45.246.58.154,CA,79364
681,Eduardo,Sygroves,esygrovesiw@ning.com,Male,88.74.223.74,CA,80184
682,Cordi,Battram,cbattramix@desdev.cn,Female,11.121.30.55,IS,16258
683,Rosemonde,Belison,rbelisoniy@engadget.com,Genderqueer,76.87.140.251,MX,24131
684,Gearalt,Kilty,gkiltyiz@alexa.com,Male,101.26.60.204,NC,87506
685,Lyndsey,Lobbe,llobbej0@linkedin.com,Female,255.126.15.96,US,94701
686,Meredith,Flieger,mfliegerj1@xing.com,Female,213.95.252.9,AU,47425
687,Odilia,Sanbroke,osanbrokej2@bizjournals.com,Female,188.1.143.119,AU,35404
688,Carey,Benjamin,cbenjaminj3@sbwire.com,Male,139.197.70.22,CA,25651
689,Fanya,O'Donnelly,fodonnellyj4@twitter.com,Female,234.181.140.198,CA,99657
690,Tallou,Gordon-Giles,tgordongilesj5@apple.com,Genderfluid,91.254.119.159,IN,45507
691,Neille,Dibnah,ndibnahj6@blogspot.com,Female,73.29.40.167,AU,74300
692,Dominica,Brideoke,dbrideokej7@rakuten.co.jp,Female,232.244.165.62,US,12109
693,Erasmus,Etridge,eetridgej8@statcounter.com,Male,225.149.22.126,AU,20149
694,Tabby,Bursell,tbursellj9@posterous.com,Male,237.18.191.89,CD,23920
695,Henrieta,Menicomb,hmenicombja@kickstarter.com,Female,250.5.119.59,CA,94384
696,Karlan,Park,kparkjb@independent.co.uk,Male,175.36.108.40,MZ,97730
697,Violante,Dawks,vdawksjc@e-recht24.de,Female,52.34.198.119,GB,25860
698,Bobbette,Gazzard,bgazzardjd@reverbnation.com,Genderfluid,171.110.0.142,US,33130
699,Xena,Minerdo,xminerdoje@nymag.com,Female,10.68.38.163,US,31833
700,Andrej,Capponeer,acapponeerjf@tripadvisor.com,Male,37.139.1.82,US,51269
701,Franklyn,Snadden,fsnaddenjg@123-reg.co.uk,Male,92.110.86.26,IR,25832
702,Egon,Dabner,edabnerjh@cbc.ca,Male,159.181.30.248,IS,86945
703,Marty,Bockler,mbocklerji@globo.com,Male,53.178.210.159,PY,38853
704,Mame,Goodacre,mgoodacrejj@marriott.com,Agender,228.51.130.35,CV,60031
705,Nolie,Kondratenya,nkondratenyajk@timesonline.co.uk,Female,84.249.230.234,IQ,73146
706,Devon,List,dlistjl@sakura.ne.jp,Female,41.245.147.191,US,54457
707,Arly,Grumbridge,agrumbridgejm@sina.com.cn,Female,87.211.88.241,CA,87181
708,Eddi,Croft,ecroftjn@networksolutions.com,Female,116.36.104.183,ZA,79006
709,Welbie,Sneddon,wsneddonjo@buzzfeed.com,Male,112.233.227.111,FR,16748
710,Emmi,Norridge,enorridgejp@exblog.jp,Female,101.85.69.26,BR,71803
711,Avrom,Labba,alabbajq@wunderground.com,Male,61.130.55.103,AU,85198
712,Stavro,Pallis,spallisjr@nationalgeographic.com,Male,159.71.51.173,DE,90827
713,Silvano,Goretti,sgorettijs@parallels.com,Male,212.87.176.0,CA,58943
714,Jacynth,Berkley,jberkleyjt@wisc.edu,Female,113.222.228.9,AF,85803
715,Boris,Espley,bespleyju@businessweek.com,Male,200.152.50.250,US,45924
716,Ephrayim,Ottiwill,eottiwilljv@blogs.com,Agender,135.156.176.13,RU,99399
717,Edik,Heijnen,eheijnenjw@domainmarket.com,Male,167.66.194.104,BS,78561
718,Delbert,Dykins,ddykinsjx@posterous.com,Male,34.10.14.176,CN,77763
719,Appolonia,Hoopper,ahoopperjy@ox.ac.uk,Bigender,236.160.229.246,JP,87204
720,Sidney,Rattenberie,srattenberiejz@sina.com.cn,Male,102.245.177.125,MH,59772
721,Biron,Loughney,bloughneyk0@blinklist.com,Male,84.57.147.63,BR,76151
722,Bibbye,Vigrass,bvigrassk1@unicef.org,Female,171.254.214.228,CO,26479
723,Neville,Murrhaupt,nmurrhauptk2@spiegel.de,Male,69.153.251.92,AR,27980
724,Raven,Sign,rsignk3@dailymotion.com,Non-binary,74.243.115.160,IE,57293
725,Abie,Lage,alagek4@sina.com.cn,Male,180.38.11.166,PG,55686
726,Mollee,Betchley,mbetchleyk5@phpbb.com,Female,73.128.143.33,AU,51385
727,Thomasina,Monketon,tmonketonk6@businesswire.com,Female,246.144.237.199,SY,30069
728,Peadar,Castille,pcastillek7@google.de,Male,127.19.87.168,ZA,13818
729,Dun,Larenson,dlarensonk8@howstuffworks.com,Male,78.32.56.243,MX,79165
730,Rollie,Dekeyser,rdekeyserk9@archive.org,Male,79.148.57.155,VU,71496
731,Fraser,Beckson,fbecksonka@wikia.com,Male,11.122.216.57,AU,16131
732,Denver,Danson,ddansonkb@wikimedia.org,Male,237.96.84.119,BR,27444
733,Tabby,Ricciardi,tricciardikc@istockphoto.com,Female,25.167.114.25,NP,71631
734,Chaddy,Lampet,clampetkd@istockphoto.com,Male,210.148.230.116,US,35884
735,Leontine,Frazier,lfrazierke@toplist.cz,Female,19.24.232.22,US,62547
736,Saxon,Tubbles,stubbleskf@europa.eu,Male,21.96.72.219,AR,41131
737,Alfreda,Rosa,arosakg@reverbnation.com,Female,65.179.72.186,GT,83327
738,Westbrooke,Partridge,wpartridgekh@sciencedirect.com,Male,189.254.1.243,AZ,47974
739,Ardeen,Tompkin,atompkinki@ted.com,Female,98.185.189.48,US,89053
740,Desmund,Cromwell,dcromwellkj@i2i.jp,Male,189.83.150.78,DE,99705
741,Loleta,Hodcroft,lhodcroftkk@ebay.co.uk,Female,225.173.45.211,GR,56260
742,Rik,Quene,rquenekl@hostgator.com,Male,123.112.189.3,MG,41048
743,Jourdan,Giovannelli,jgiovannellikm@ifeng.com,Female,42.246.77.252,CR,37642
744,Nadya,Redan,nredankn@cbsnews.com,Bigender,119.57.79.14,US,11319
745,Marnie,Cuffley,mcuffleyko@example.com,Female,226.91.139.156,MY,81743
746,Rolf,Lethcoe,rlethcoekp@imageshack.us,Male,174.203.132.141,VU,93173
747,Kristofer,Swannie,kswanniekq@myspace.com,Male,152.11.234.118,PL,78140
748,Em,Djorevic,edjorevickr@eventbrite.com,Female,168.89.128.72,CO,36266
749,Flossie,Bunworth,fbunworthks@latimes.com,Female,124.177.175.106,GB,48716
750,Carlene,Drewery,cdrewerykt@mayoclinic.com,Female,248.34.171.45,RU,87486
751,Shepard,Mellodey,smellodeyku@sphinn.com,Non-binary,169.31.245.82,AU,42365
752,Farra,Tarbath,ftarbathkv@addthis.com,Female,28.210.70.119,GR,88786
753,Happy,Pheby,hphebykw@salon.com,Polygender,132.41.242.90,BR,36656
754,Jaymie,Oloshkin,joloshkinkx@trellian.com,Male,198.115.200.156,US,86012
755,Jozef,Kovacs,jkovacsky@g.co,Male,167.184.106.89,AU,57770
756,Britt,Hewlings,bhewlingskz@gizmodo.com,Male,156.185.53.5,UZ,11422
757,Sauncho,Sparks,ssparksl0@jimdo.com,Male,154.253.133.61,RU,90620
758,Melita,Rowbotham,mrowbothaml1@answers.com,Female,99.231.31.83,US,63437
759,Sayers,Dami,sdamil2@discovery.com,Male,133.70.116.155,PK,99870
760,Nona,O'Hartnedy,nohartnedyl3@blogs.com,Genderqueer,158.53.194.227,CA,29933
761,Aleksandr,Boldt,aboldtl4@ucsd.edu,Non-binary,2.103.239.117,CA,91584
762,Marina,Greschik,mgreschikl5@privacy.gov.au,Female,34.98.119.28,CA,46987
763,Lorne,Juorio,ljuoriol6@wordpress.com,Non-binary,75.58.208.2,US,29372
764,Keir,Causnett,kcausnettl7@google.pl,Male,38.246.67.45,CN,67427
765,Josephine,Balducci,jbalduccil8@bbb.org,Female,136.150.249.224,RU,98840
766,Bethany,Lidgley,blidgleyl9@facebook.com,Female,157.188.177.20,SB,29106
767,Leann,Moran,lmoranla@devhub.com,Female,38.247.40.17,VE,56680
768,Sloane,Tizzard,stizzardlb@xing.com,Male,57.127.171.2,MX,95568
769,Emmerich,McRuvie,emcruvielc@apple.com,Male,118.12.90.60,CA,64116
770,Adolph,Sawney,asawneyld@go.com,Male,73.250.62.189,FR,93494
771,Alexa,Caygill,acaygillle@infoseek.co.jp,Female,195.170.91.170,FJ,20040
772,Nadia,Soane,nsoanelf@sina.com.cn,Female,175.74.210.159,GA,92734
773,Hill,Jozefczak,hjozefczaklg@scientificamerican.com,Male,49.66.182.85,US,48862
774,Biron,Alldis,balldislh@geocities.com,Genderqueer,151.100.193.75,US,53088
775,Riley,Ridesdale,rridesdaleli@histats.com,Male,18.3.242.153,DK,48294
776,Glad,Inge,gingelj@constantcontact.com,Female,168.135.95.30,FR,49758
777,Skelly,Steptoe,ssteptoelk@mediafire.com,Male,72.37.123.144,PG,98151
778,Thomasina,Eaglestone,teaglestonell@apple.com,Female,248.53.10.109,FR,97990
779,Emmanuel,Skittreal,eskittreallm@theatlantic.com,Male,156.0.26.165,MH,10837
780,Rafaela,Arni,rarniln@nationalgeographic.com,Female,66.14.245.179,PA,20130
781,Mace,Threadkell,mthreadkelllo@pbs.org,Male,117.224.138.166,MN,94201
782,Cathrine,Leverington,cleveringtonlp@soundcloud.com,Female,56.161.181.6,US,50492
783,Ceil,Bavage,cbavagelq@hatena.ne.jp,Female,59.122.134.128,NE,13961
784,Reade,Everitt,reverittlr@lycos.com,Male,188.8.172.187,US,17655
785,Rikki,Boards,rboardsls@nih.gov,Male,173.12.95.51,CZ,32052
786,Ora,Mapples,omappleslt@boston.com,Female,26.133.166.237,RU,26408
787,Harmonie,Cumbridge,hcumbridgelu@list-manage.com,Female,33.77.10.192,SH,65431
788,Jerad,Handrek,jhandreklv@china.com.cn,Male,235.112.41.203,US,33989
789,Dion,Harkins,dharkinslw@twitpic.com,Polygender,171.43.252.107,MG,97251
790,Phillida,Goodread,pgoodreadlx@xinhuanet.com,Female,23.169.84.2,BA,87355
791,Brandais,Searston,bsearstonly@unc.edu,Female,239.171.29.244,US,63222
792,Merry,Mayfield,mmayfieldlz@cnbc.com,Male,109.25.77.211,US,30398
793,Sianna,Oger,sogerm0@histats.com,Female,19.90.122.81,US,25885
794,Jacques,Delhay,jdelhaym1@pcworld.com,Male,234.252.100.225,MG,72450
795,Binnie,Frid,bfridm2@nasa.gov,Female,21.128.20.106,RU,76264
796,Adah,Shand,ashandm3@themeforest.net,Female,70.177.114.105,CN,48495
797,Cindy,Done,cdonem4@php.net,Female,3.171.248.165,CA,83568
798,Sydel,Loynes,sloynesm5@youtu.be,Female,197.227.27.115,US,52616
799,Iorgo,Connochie,iconnochiem6@bbc.co.uk,Male,198.72.54.103,PK,53373
800,Currie,Haselden,chaseldenm7@businesswire.com,Male,163.19.44.82,MY,96438
801,Vere,Weeks,vweeksm8@about.com,Female,155.239.91.76,US,15353
802,Basile,Cromb,bcrombm9@lycos.com,Male,26.10.116.157,US,37056
803,Caressa,Spight,cspightma@last.fm,Female,52.202.46.21,MY,13210
804,Ettie,Pecey,epeceymb@odnoklassniki.ru,Female,115.164.194.136,CN,10297
805,Kiley,Laidlaw,klaidlawmc@mapy.cz,Male,45.240.14.111,CA,81176
806,Cami,Aireton,cairetonmd@walmart.com,Female,154.241.201.160,SO,65740
807,Eward,Haysman,ehaysmanme@dot.gov,Male,216.64.171.79,RU,73487
808,Susette,Sherland,ssherlandmf@marriott.com,Female,246.199.254.22,TD,53442
809,Caralie,Fernyhough,cfernyhoughmg@amazon.co.jp,Female,163.166.27.183,CA,86309
810,Hildagarde,Deerness,hdeernessmh@google.com.br,Female,156.7.227.57,FI,34332
811,Clementia,Dowdall,cdowdallmi@fotki.com,Female,244.46.58.67,FR,44449
812,Noah,Geraldini,ngeraldinimj@ocn.ne.jp,Polygender,238.86.4.205,DZ,84504
813,Phaedra,Humbert,phumbertmk@utexas.edu,Female,140.131.199.63,IL,52981
814,Ferne,Fucher,ffucherml@ning.com,Female,54.38.188.49,BR,60822
815,Ellie,Toderi,etoderimm@hostgator.com,Female,79.240.192.246,GY,74065
816,Denyse,Cullity,dcullitymn@meetup.com,Female,250.83.56.142,GB,11502
817,Lora,Spurdon,lspurdonmo@foxnews.com,Female,228.8.92.88,FJ,22439
818,Aldo,Baise,abaisemp@umn.edu,Male,81.117.146.144,DE,71348
819,Margareta,Axton,maxtonmq@japanpost.jp,Genderqueer,218.12.51.180,US,33909
820,Xavier,Ivushkin,xivushkinmr@mozilla.org,Male,192.196.209.218,US,45183
821,Fanny,Pamphilon,fpamphilonms@dailymail.co.uk,Female,92.51.200.121,NC,13658
822,Byron,Stryde,bstrydemt@usgs.gov,Male,242.223.28.78,US,22247
823,Alfy,A'field,aafieldmu@tripadvisor.com,Male,136.45.101.182,TR,21072
824,Penrod,Andrysek,pandrysekmv@addtoany.com,Male,182.54.88.217,US,31231
825,Gard,Gounet,ggounetmw@dyndns.org,Male,150.240.195.53,PG,22970
826,Bernadine,Allbut,ballbutmx@gizmodo.com,Female,254.110.248.175,AU,46255
827,Gabie,Olney,golneymy@cdc.gov,Female,56.141.148.139,CN,46651
828,Ruddie,Bartol,rbartolmz@google.de,Male,155.199.131.126,US,78856
829,Mindy,Benner,mbennern0@umn.edu,Female,12.206.65.93,PE,82227
830,Fiona,Boote,fbooten1@artisteer.com,Non-binary,162.254.225.94,CH,44303
831,Tucky,Gobbett,tgobbettn2@npr.org,Male,226.153.76.173,BS,12283
832,Somerset,Dilleway,sdillewayn3@paginegialle.it,Male,13.158.28.151,BO,15318
833,Olenolin,Boutcher,oboutchern4@ovh.net,Male,46.48.252.23,BR,22205
834,Zebulon,Ashborn,zashbornn5@reddit.com,Non-binary,96.244.127.132,TL,40230
835,Lester,Sturton,lsturtonn6@ft.com,Male,222.230.153.56,DZ,49642
836,Daryn,Baxendale,dbaxendalen7@vistaprint.com,Female,57.48.207.150,IR,62250
837,Modesta,Angelini,mangelinin8@google.co.uk,Female,9.241.7.77,AU,59013
838,Devonne,Smickle,dsmicklen9@seesaa.net,Female,78.247.174.196,ID,99735
839,Stefanie,Yushankin,syushankinna@auda.org.au,Female,245.75.233.92,CA,68889
840,Row,Maty,rmatynb@skyrock.com,Female,139.171.70.140,AU,85291
841,Bernadene,Myrkus,bmyrkusnc@economist.com,Female,16.56.173.184,CA,89498
842,Yehudi,Mockett,ymockettnd@phoca.cz,Male,17.125.218.0,CN,17340
843,Josephine,Rubbens,jrubbensne@163.com,Bigender,162.79.32.105,MU,96168
844,Hewie,McCathie,hmccathienf@liveinternet.ru,Male,144.75.30.92,JP,86012
845,Louis,Angelini,langelining@google.com.br,Male,93.187.135.252,MW,20118
846,Kirk,Jeffers,kjeffersnh@indiegogo.com,Male,72.209.42.0,AU,93608
847,Gris,Menat,gmenatni@macromedia.com,Male,178.46.66.71,KI,23372
848,Donnamarie,Dobbin,ddobbinnj@yelp.com,Female,174.154.66.216,AU,53755
849,Bobby,Kohnen,bkohnennk@plala.or.jp,Female,200.3.208.177,AU,99491
850,Dareen,Escoffrey,descoffreynl@slate.com,Female,147.205.91.82,LA,38302
851,Allie,Willavoys,awillavoysnm@blogtalkradio.com,Male,217.197.89.212,US,70776
852,Jewell,Zanni,jzanninn@chron.com,Female,26.191.207.218,US,94344
853,Darice,Lordon,dlordonno@msu.edu,Female,253.2.243.187,YE,55066
854,Neile,Ilyukhov,nilyukhovnp@google.co.jp,Female,59.59.133.168,AU,60208
855,Samuel,Mayhou,smayhounq@a8.net,Male,249.45.25.202,US,74356
856,Ariana,Malam,amalamnr@hc360.com,Female,163.56.0.56,AO,67762
857,Tedman,Hefferon,thefferonns@apple.com,Male,35.60.203.150,AU,85858
858,Marcelo,Hayzer,mhayzernt@baidu.com,Male,198.72.42.220,CO,44643
859,Bobbie,Clackson,bclacksonnu@elpais.com,Male,15.250.247.147,LR,57855
860,Sybilla,Capun,scapunnv@elegantthemes.com,Genderfluid,140.126.189.51,MA,35017
861,Georgi,Dumini,gdumininw@cdc.gov,Bigender,32.127.175.108,GB,88837
862,Findlay,Heintzsch,fheintzschnx@npr.org,Male,209.192.11.3,US,11002
863,Tedman,Jelley,tjelleyny@ifeng.com,Male,47.150.167.44,US,92048
864,Toddy,Gever,tgevernz@reverbnation.com,Male,255.198.37.66,LY,17153
865,Arielle,Penquet,apenqueto0@state.tx.us,Female,231.124.66.209,PG,13620
866,Drucie,Creane,dcreaneo1@xrea.com,Bigender,146.227.249.128,IT,47891
867,Gabi,Gobel,ggobelo2@phoca.cz,Agender,244.53.240.36,HR,27275
868,Grove,Stewart,gstewarto3@sohu.com,Polygender,150.151.247.154,BR,60081
869,Darya,Muckley,dmuckleyo4@who.int,Female,85.228.62.208,US,39667
870,Margeaux,Gillbee,mgillbeeo5@rediff.com,Female,242.101.98.97,NO,60632
871,Michaella,People,mpeopleo6@jigsy.com,Female,127.58.167.157,US,96020
872,Bartlett,Spriddle,bspriddleo7@sciencedirect.com,Male,95.145.188.11,LB,64053
873,Darcy,Wakely,dwakelyo8@reverbnation.com,Male,231.84.246.132,BO,89367
874,Benton,Edelmann,bedelmanno9@ibm.com,Male,195.34.40.114,US,35072
875,Vivian,McLagain,vmclagainoa@goo.ne.jp,Female,96.152.38.1,AU,37466
876,Ardis,Dowers,adowersob@vinaora.com,Female,68.123.222.63,PG,61475
877,Port,Tiptaft,ptiptaftoc@i2i.jp,Male,142.73.186.202,MX,51332
878,Martelle,Dumpleton,mdumpletonod@sourceforge.net,Female,246.27.54.45,MH,90300
879,Andriette,Gheeorghie,agheeorghieoe@cocolog-nifty.com,Genderqueer,138.130.93.1,US,15400
880,Myca,Pettisall,mpettisallof@icio.us,Male,225.250.128.8,CA,58565
881,Erna,Fuzzard,efuzzardog@chicagotribune.com,Female,187.104.198.42,PK,53473
882,Haydon,Baumadier,hbaumadieroh@fastcompany.com,Male,223.231.183.146,PL,46099
883,Kate,Roma,kromaoi@i2i.jp,Female,233.43.131.82,CR,72081
884,Lane,Ruste,lrusteoj@mit.edu,Female,194.29.15.193,US,12731
885,Juliane,Caunter,jcaunterok@ted.com,Female,249.200.208.175,CD,62752
886,Madeleine,Cripwell,mcripwellol@altervista.org,Female,105.5.238.227,SO,50405
887,Rockey,Goldsberry,rgoldsberryom@tamu.edu,Male,146.133.109.3,US,85298
888,Maxy,Tolley,mtolleyon@mediafire.com,Polygender,253.140.0.93,US,76800
889,Sapphira,Merricks,smerricksoo@stumbleupon.com,Female,134.72.62.118,US,93824
890,Jinny,Mariot,jmariotop@gmpg.org,Female,129.166.168.124,LS,16200
891,Blakelee,Allcorn,ballcornoq@infoseek.co.jp,Female,152.49.191.197,US,23100
892,Isidro,Noakes,inoakesor@usatoday.com,Male,5.11.136.213,PT,18797
893,Lark,Wildes,lwildesos@xing.com,Female,195.65.167.136,LK,52539
894,Lennie,Drowsfield,ldrowsfieldot@dell.com,Male,55.147.124.76,BF,16091
895,Randene,Dorn,rdornou@vimeo.com,Female,98.2.105.63,ES,34573
896,Addy,Nussen,anussenov@printfriendly.com,Male,16.132.60.88,MX,48574
897,Zoe,Turford,zturfordow@yellowbook.com,Female,124.109.12.202,US,42655
898,Neddie,Bolley,nbolleyox@economist.com,Male,244.254.66.15,ZW,11796
899,Stephanie,Hatje,shatjeoy@posterous.com,Female,122.241.247.36,BR,44458
900,Grenville,Sainer,gsaineroz@economist.com,Male,50.183.3.138,MH,60806
901,Klaus,Letch,kletchp0@1und1.de,Male,164.216.254.203,US,43116
902,Heidie,Palombi,hpalombip1@artisteer.com,Female,112.98.94.191,BW,34495
903,Malcolm,Starcks,mstarcksp2@phpbb.com,Male,101.9.147.48,ID,42975
904,Adriana,Gosdin,agosdinp3@digg.com,Female,201.221.195.78,GL,97693
905,Berton,Chalcot,bchalcotp4@bravesites.com,Male,169.15.65.239,US,19177
906,Rafaello,Kohter,rkohterp5@cdbaby.com,Male,46.159.97.35,BR,30241
907,Del,Pettko,dpettkop6@ocn.ne.jp,Male,60.213.240.133,US,71498
908,Jacenta,Leport,jleportp7@about.com,Female,207.228.249.225,US,80058
909,Suzie,Reston,srestonp8@tumblr.com,Female,94.148.0.90,AF,86546
910,Timmi,Arboin,tarboinp9@mtv.com,Female,249.23.97.44,US,50748
911,Viki,Readhead,vreadheadpa@phpbb.com,Female,181.34.140.1,AR,20295
912,Erek,Jeanneau,ejeanneaupb@chronoengine.com,Male,84.184.247.230,FR,99649
913,Charline,Braunroth,cbraunrothpc@nydailynews.com,Genderqueer,81.80.59.206,MA,68407
914,Brook,Struttman,bstruttmanpd@macromedia.com,Female,107.102.82.244,DZ,98305
915,Giovanna,Clogg,gcloggpe@t-online.de,Female,168.246.232.223,FI,52194
916,Gale,Kalinsky,gkalinskypf@bing.com,Female,168.41.111.253,US,18431
917,Ida,Isaacson,iisaacsonpg@senate.gov,Non-binary,72.98.247.254,US,80431
918,Ches,Matevushev,cmatevushevph@jigsy.com,Male,39.231.158.79,CD,19615
919,Christophorus,Ecclesall,cecclesallpi@aboutads.info,Male,61.221.138.55,US,81873
920,Winny,Snary,wsnarypj@themeforest.net,Female,82.217.137.153,LY,92497
921,Willy,Baalham,wbaalhampk@ask.com,Male,158.136.69.249,CN,72244
922,Jacklin,Middlehurst,jmiddlehurstpl@upenn.edu,Female,114.22.137.37,KR,36821
923,Lorri,Levermore,llevermorepm@drupal.org,Female,103.57.142.70,VE,89351
924,Farica,Beddow,fbeddowpn@chron.com,Non-binary,201.67.137.250,US,50061
925,Cinnamon,Bunnell,cbunnellpo@auda.org.au,Genderqueer,55.175.10.7,PE,32832
926,Burt,Mawson,bmawsonpp@ucoz.ru,Male,223.35.220.80,US,22213
927,Merwyn,Paraman,mparamanpq@unc.edu,Male,59.63.132.189,TH,88951
928,Tannie,Fernan,tfernanpr@sciencedirect.com,Male,174.65.28.63,US,70006
929,Mart,Putten,mputtenps@istockphoto.com,Male,225.211.219.184,US,54248
930,Molly,De Ruel,mderuelpt@addtoany.com,Female,13.147.197.197,GB,79148
931,Chico,Kynett,ckynettpu@infoseek.co.jp,Male,74.244.35.62,AU,19028
932,Lishe,Lantry,llantrypv@irs.gov,Female,165.215.165.151,LK,29900
933,Danyelle,Quadri,dquadripw@wsj.com,Female,177.186.208.123,EC,55666
934,Tracy,Noriega,tnoriegapx@tripod.com,Polygender,89.138.78.128,BR,62784
935,Kelcie,Halson,khalsonpy@hexun.com,Female,84.181.148.225,US,61611
936,Hobard,Michel,hmichelpz@pinterest.com,Male,97.17.120.80,GB,76072
937,Honoria,Chaloner,hchalonerq0@dagondesign.com,Polygender,153.95.123.75,AU,85444
938,Fredra,Hartman,fhartmanq1@ask.com,Female,162.255.236.167,ID,15016
939,Constantine,Guye,cguyeq2@cisco.com,Female,30.205.129.32,ZA,26087
940,Edgardo,Cobbledick,ecobbledickq3@hao123.com,Male,163.147.77.194,SL,64200
941,Bruno,De Gowe,bdegoweq4@intel.com,Male,106.107.64.169,PF,53798
942,Aldridge,Shellard,ashellardq5@360.cn,Male,232.15.255.254,CA,91142
943,Averill,Ort,aortq6@godaddy.com,Male,161.28.1.105,BR,18294
944,Maire,Liebrecht,mliebrechtq7@nps.gov,Female,76.30.84.50,IN,25104
945,Lester,Tunn,ltunnq8@scientificamerican.com,Male,186.45.241.114,NI,40258
946,Pip,Crowley,pcrowleyq9@free.fr,Male,178.60.164.172,BR,87868
947,Ignace,Sinyard,isinyardqa@disqus.com,Bigender,177.200.143.13,US,48166
948,Legra,Ludewig,lludewigqb@google.es,Female,175.71.45.95,CA,48219
949,Gunner,Harmour,gharmourqc@moonfruit.com,Male,35.146.118.11,US,54889
950,Elinor,Marsay,emarsayqd@pagesperso-orange.fr,Female,38.106.254.138,IL,44688
951,Skipp,Joel,sjoelqe@ning.com,Male,140.222.92.60,MY,21486
952,Leshia,Ivancevic,livancevicqf@intel.com,Female,88.104.95.194,CA,11527
953,Royall,McCaster,rmccasterqg@cdbaby.com,Male,28.129.130.55,FR,50861
954,Phillipe,McJury,pmcjuryqh@hp.com,Male,103.229.57.81,US,98330
955,Gabbie,Tonna,gtonnaqi@tripadvisor.com,Male,159.47.198.113,US,45920
956,Arliene,Hartless,ahartlessqj@dell.com,Female,95.7.116.80,GH,15858
957,Ky,Jaray,kjarayqk@marriott.com,Male,41.214.251.233,KR,62616
958,Theo,Filde,tfildeql@diigo.com,Male,176.1.107.149,US,94540
959,Flossy,Goddert.sf,fgoddertsfqm@ifeng.com,Female,91.204.34.146,EG,43859
960,Gottfried,Chappel,gchappelqn@ebay.com,Male,86.112.193.252,US,29328
961,Ame,Islip,aislipqo@java.com,Female,224.28.218.238,CV,14385
962,Davey,Gierck,dgierckqp@google.com.br,Male,217.66.214.157,AU,13436
963,Mikkel,Bohlin,mbohlinqq@nasa.gov,Male,199.129.197.81,UZ,77326
964,Dory,Bilbrook,dbilbrookqr@who.int,Female,244.185.198.164,IS,26599
965,Cristionna,Saltsberg,csaltsbergqs@blogtalkradio.com,Genderfluid,163.176.163.20,GB,78573
966,Augie,Lax,alaxqt@google.pl,Male,115.205.26.31,AU,10894
967,Chester,Mowling,cmowlingqu@google.de,Male,239.39.34.217,MX,82603
968,Daniela,Gotmann,dgotmannqv@friendfeed.com,Female,137.210.94.47,PG,34715
969,Hardy,Lyon,hlyonqw@usgs.gov,Male,117.32.250.85,US,34565
970,Sig,Kornes,skornesqx@alexa.com,Male,166.180.36.3,AU,43983
971,Eduino,Buckles,ebucklesqy@msn.com,Male,180.34.140.59,CO,86765
972,Marijo,Balcers,mbalcersqz@drupal.org,Female,94.219.216.92,BR,99487
973,Alameda,Blakemore,ablakemorer0@arstechnica.com,Female,171.118.182.11,GA,26731
974,Adam,MacDonagh,amacdonaghr1@nymag.com,Male,219.242.129.201,BR,55515
975,Melli,Forst,mforstr2@google.co.jp,Female,61.2.231.219,US,52556
976,Forster,Cunliffe,fcunliffer3@fotki.com,Male,233.237.220.33,US,39510
977,Sancho,Goddert.sf,sgoddertsfr4@rambler.ru,Male,113.112.209.240,US,81750
978,Priscella,Sill,psillr5@irs.gov,Female,222.181.231.172,GQ,64691
979,Myrna,Forgie,mforgier6@nytimes.com,Female,159.15.230.65,TH,96360
980,Jefferey,Larn,jlarnr7@weather.com,Male,4.40.182.120,ET,43791
981,Giorgia,Chaudrelle,gchaudreller8@vk.com,Agender,73.165.185.200,MV,87070
982,Liana,Pimlock,lpimlockr9@cbslocal.com,Female,100.38.212.100,CA,26928
983,Jere,Shepherdson,jshepherdsonra@netscape.com,Female,81.102.134.227,MX,49472
984,Deeanne,Mulliner,dmullinerrb@usatoday.com,Female,191.118.142.4,TZ,11588
985,Ivor,Chomiszewski,ichomiszewskirc@a8.net,Male,0.210.30.114,US,63303
986,Ruth,Cherry Holme,rcherryholmerd@unicef.org,Polygender,68.62.242.203,CO,57175
987,Elke,Gyenes,egyenesre@miibeian.gov.cn,Female,93.88.86.232,BR,18001
988,Ilario,Clempton,iclemptonrf@alexa.com,Male,90.149.108.45,DZ,40919
989,Zacharie,Lalley,zlalleyrg@freewebs.com,Male,108.41.245.173,US,23021
990,Augustina,Henniger,ahennigerrh@nationalgeographic.com,Agender,237.235.177.174,VE,90027
991,Fancy,Cornilli,fcornilliri@bizjournals.com,Female,173.165.163.161,BF,37029
992,Keefe,Lewsy,klewsyrj@phpbb.com,Male,48.82.51.63,MG,41561
993,Anne-corinne,Hanscombe,ahanscomberk@mtv.com,Agender,179.203.114.142,US,66034
994,Cherilyn,Holligan,cholliganrl@nps.gov,Female,187.128.24.32,US,37017
995,Fayette,Gaspero,fgasperorm@ibm.com,Female,177.64.86.28,US,46820
996,Kristofor,Yeaman,kyeamanrn@angelfire.com,Male,61.84.140.87,NO,52504
997,Bambi,Spurrier,bspurrierro@si.edu,Genderqueer,26.118.43.143,PK,73392
998,Janessa,Raye,jrayerp@vkontakte.ru,Female,62.161.184.246,NZ,37422
999,Parry,Fealey,pfealeyrq@godaddy.com,Male,252.148.57.120,CR,76367
1000,Auroora,Gatherell,agatherellrr@bloomberg.com,Female,241.58.251.150,JP,56235
