id,first_name,last_name,email,gender,ip_address
1,Rayna,Grayson,rgrayson0@usa.gov,Female,156.148.54.93
2,Elisabet,Mussolini,emussolini1@gravatar.com,Female,220.100.169.160
3,Vladimir,Loosemore,vloosemore2@bloglovin.com,Polygender,5.58.46.222
4,Tracee,Geraudel,tgeraudel3@sciencedaily.com,Female,135.233.158.204
5,Kane,Rummer,krummer4@marriott.com,Male,45.173.249.224
6,Edie,Willoughley,ewilloughley5@sciencedirect.com,Genderqueer,96.226.9.1
7,Kaitlin,MacNucator,kmacnucator6@youtu.be,Female,75.125.238.108
8,Eldredge,Maggill'Andreis,emaggillandreis7@patch.com,Male,114.195.61.60
9,Frederigo,Last,flast8@smh.com.au,Non-binary,24.42.63.230
10,Silas,Capehorn,scapehorn9@g.co,Male,84.38.15.253
11,Jody,Wenderoth,jwenderotha@forbes.com,Male,85.134.162.35
12,Linn,Woolstenholmes,lwoolstenholmesb@tiny.cc,Male,8.9.64.49
13,Wendel,Duchesne,wduchesnec@123-reg.co.uk,Male,129.196.244.232
14,Norman,Messam,nmessamd@topsy.com,Agender,132.212.244.123
15,Pearle,Planque,pplanquee@youtu.be,Female,227.225.85.77
16,Stan,Houndson,shoundsonf@nymag.com,Male,40.187.190.125
17,Bertine,Pestor,bpestorg@youtube.com,Female,85.4.48.36
18,Mario,Martignon,mmartignonh@tumblr.com,Male,70.171.82.50
19,Dara,Linzey,dlinzeyi@cloudflare.com,Female,165.235.31.51
20,Marika,Mellers,mmellersj@thetimes.co.uk,Female,175.18.111.153
21,Dickie,Snawden,dsnawdenk@miitbeian.gov.cn,Male,240.179.120.204
22,Lind,Thominga,lthomingal@rambler.ru,Female,63.222.16.159
23,Cris,Morteo,cmorteom@irs.gov,Male,52.170.70.139
24,Linda,Barbour,lbarbourn@ustream.tv,Female,219.42.238.79
25,Millie,Netley,mnetleyo@umich.edu,Bigender,113.23.105.128
26,Berri,Peat,bpeatp@furl.net,Female,36.23.141.107
27,Cal,Coskerry,ccoskerryq@reverbnation.com,Male,146.82.237.66
28,Fey,Conman,fconmanr@hugedomains.com,Female,148.200.120.170
29,Chick,Elwill,celwills@dot.gov,Male,7.203.226.179
30,Rubia,Boards,rboardst@cnet.com,Female,215.4.123.141
31,Georgianne,Fury,gfuryu@home.pl,Female,189.222.179.97
32,Marjy,Tuddenham,mtuddenhamv@biblegateway.com,Female,174.107.120.52
33,Luis,Prozillo,lprozillow@theatlantic.com,Male,33.209.49.167
34,Terese,Lanchester,tlanchesterx@privacy.gov.au,Female,181.211.38.255
35,Ortensia,Richings,orichingsy@simplemachines.org,Female,221.106.113.5
36,Benito,Pheby,bphebyz@patch.com,Male,60.220.85.3
37,Frankie,Boydell,fboydell10@baidu.com,Male,70.27.20.137
38,Kipper,Dugall,kdugall11@zdnet.com,Genderfluid,147.195.208.158
39,Quint,Milmith,qmilmith12@weebly.com,Male,192.51.0.89
40,Pet,Levey,plevey13@twitpic.com,Female,96.90.1.73
41,Marleen,Thackwray,mthackwray14@examiner.com,Female,60.90.248.17
42,Irving,Wulfinger,iwulfinger15@indiegogo.com,Male,154.27.49.197
43,Jayson,Root,jroot16@newsvine.com,Male,25.39.68.188
44,Kala,Butland,kbutland17@discovery.com,Female,22.105.67.219
45,Hortense,Peake,hpeake18@java.com,Female,160.177.29.133
46,Andra,Klemenz,aklemenz19@biglobe.ne.jp,Female,152.143.224.51
47,Valentia,Shrieve,vshrieve1a@macromedia.com,Female,14.4.166.141
48,Eada,Hinder,ehinder1b@freewebs.com,Female,90.212.66.121
49,Sherm,Kolakowski,skolakowski1c@google.nl,Male,52.219.86.211
50,Corney,Mainston,cmainston1d@accuweather.com,Male,26.104.125.129
51,Brad,Brane,bbrane1e@nymag.com,Male,174.82.241.146
52,Ange,Ivy,aivy1f@virginia.edu,Bigender,133.31.233.37
53,Ellwood,Mangeon,emangeon1g@ft.com,Male,206.118.21.128
54,Elsworth,Crotch,ecrotch1h@wordpress.com,Polygender,61.102.206.127
55,Guendolen,McClaren,gmcclaren1i@sun.com,Female,79.26.135.186
56,Hesther,Creggan,hcreggan1j@hubpages.com,Female,93.133.116.179
57,Justinn,Swindall,jswindall1k@huffingtonpost.com,Female,217.136.255.66
58,Duffy,Digwood,ddigwood1l@amazon.co.uk,Male,169.193.132.209
59,Ingra,Bolesworth,ibolesworth1m@youku.com,Male,147.180.217.203
60,Mathilde,Beavan,mbeavan1n@51.la,Female,218.129.98.152
61,Arleta,Growcott,agrowcott1o@aboutads.info,Female,126.133.72.53
62,Lynelle,Riden,lriden1p@fda.gov,Female,78.248.129.219
63,Putnam,Roseborough,proseborough1q@toplist.cz,Male,58.253.214.201
64,Normand,Richten,nrichten1r@360.cn,Male,7.218.144.89
65,Alysia,Mashro,amashro1s@gov.uk,Female,66.147.117.205
66,Craggie,Patley,cpatley1t@bravesites.com,Male,180.141.121.31
67,Tobias,Lindberg,tlindberg1u@java.com,Male,129.102.101.213
68,Alie,Gretton,agretton1v@toplist.cz,Female,231.101.175.34
69,Lucas,Pariss,lpariss1w@icio.us,Male,141.46.143.10
70,Tabbie,Asp,tasp1x@paginegialle.it,Female,49.177.217.203
71,Zeke,Seawright,zseawright1y@freewebs.com,Male,254.147.201.142
72,Ciel,Radage,cradage1z@omniture.com,Female,83.175.16.181
73,Shir,Prine,sprine20@timesonline.co.uk,Female,176.58.58.255
74,Imogen,Tuft,ituft21@webnode.com,Female,18.171.41.158
75,Nomi,Cragg,ncragg22@paypal.com,Female,6.34.197.250
76,Victor,Legion,vlegion23@columbia.edu,Male,7.101.31.135
77,Wilona,Bummfrey,wbummfrey24@weebly.com,Female,81.183.180.222
78,Bartholomeo,Ailmer,bailmer25@cdbaby.com,Male,21.0.208.31
79,Loydie,Odhams,lodhams26@hc360.com,Male,180.244.188.221
80,Karel,Sammes,ksammes27@reference.com,Male,1.2.160.101
81,Alvie,Fieller,afieller28@cocolog-nifty.com,Male,239.209.226.155
82,Graehme,Skirling,gskirling29@flavors.me,Male,255.159.141.119
83,Ansell,Branscombe,abranscombe2a@ft.com,Male,244.86.246.143
84,Robina,Filisov,rfilisov2b@va.gov,Female,139.181.173.63
85,Sammy,McKea,smckea2c@sitemeter.com,Male,230.127.72.157
86,Tobie,Scraggs,tscraggs2d@hud.gov,Male,245.105.75.16
87,Philly,Presnall,ppresnall2e@behance.net,Female,234.13.190.113
88,Minor,Tinmouth,mtinmouth2f@1688.com,Male,180.255.250.226
89,Anthe,Twinbourne,atwinbourne2g@businesswire.com,Female,189.6.25.238
90,Giulio,Minihane,gminihane2h@smugmug.com,Male,42.156.130.46
91,Pauly,Grunnell,pgrunnell2i@webnode.com,Male,31.221.37.63
92,Gena,Peteri,gpeteri2j@wunderground.com,Female,195.135.160.41
93,Allyson,Warby,awarby2k@altervista.org,Female,218.68.159.183
94,Annora,Sedgemore,asedgemore2l@list-manage.com,Polygender,14.171.13.124
95,Hanni,Brewitt,hbrewitt2m@sun.com,Female,99.245.54.124
96,Agosto,Dakhov,adakhov2n@wikipedia.org,Male,250.89.71.80
97,Maurizia,Kingswood,mkingswood2o@addthis.com,Female,69.74.19.100
98,Glori,Maddin,gmaddin2p@shutterfly.com,Female,35.201.11.220
99,Moss,Duligall,mduligall2q@slate.com,Male,126.183.38.42
100,Lyn,Moseley,lmoseley2r@domainmarket.com,Male,15.140.32.117
101,Abbott,Greveson,agreveson2s@newsvine.com,Male,164.56.99.170
102,Barrie,Clee,bclee2t@addthis.com,Male,40.182.174.204
103,Sammie,Shane,sshane2u@newyorker.com,Male,177.157.31.224
104,Guntar,Marlen,gmarlen2v@skyrock.com,Male,214.51.253.168
105,Traver,Dackombe,tdackombe2w@census.gov,Male,78.192.209.186
106,Llywellyn,Shawel,lshawel2x@homestead.com,Male,143.121.89.76
107,Alidia,Bray,abray2y@google.com,Female,79.21.61.131
108,Kanya,Lemme,klemme2z@comsenz.com,Female,171.139.226.11
109,Mattias,Fermer,mfermer30@studiopress.com,Male,161.24.33.157
110,Lewes,Greer,lgreer31@mediafire.com,Male,242.152.141.225
111,Kimball,Westcarr,kwestcarr32@amazonaws.com,Male,22.188.0.12
112,Rebecca,Mobbs,rmobbs33@flavors.me,Polygender,103.57.107.157
113,Lonni,Le Quesne,llequesne34@myspace.com,Female,108.243.79.176
114,Joceline,Dinnis,jdinnis35@lycos.com,Female,1.30.118.226
115,Ines,Eagles,ieagles36@guardian.co.uk,Female,28.248.127.175
116,Cherise,Corradengo,ccorradengo37@auda.org.au,Female,97.7.118.157
117,Reginauld,Cesconi,rcesconi38@facebook.com,Male,118.64.199.19
118,Jock,Collier,jcollier39@icio.us,Male,169.109.92.16
119,Norrie,Foulstone,nfoulstone3a@netvibes.com,Male,251.103.248.234
120,Wayne,MacChaell,wmacchaell3b@google.ca,Male,198.218.109.139
121,Vin,Farleigh,vfarleigh3c@illinois.edu,Female,113.129.157.233
122,Randie,Thorby,rthorby3d@ucla.edu,Male,239.149.213.246
123,Ericka,Clymer,eclymer3e@unc.edu,Female,192.18.46.32
124,Peterus,Dignum,pdignum3f@imgur.com,Male,235.42.183.23
125,Georgena,Cullen,gcullen3g@jiathis.com,Genderfluid,224.224.243.63
126,Leonhard,Chittleburgh,lchittleburgh3h@artisteer.com,Male,241.24.9.117
127,Magda,Greg,mgreg3i@bloomberg.com,Female,91.30.165.93
128,Gypsy,Bedberry,gbedberry3j@bloglines.com,Female,203.200.193.19
129,Rheba,Emney,remney3k@mtv.com,Genderfluid,202.207.174.8
130,Vincenz,Bourhill,vbourhill3l@google.com.hk,Genderqueer,158.31.135.73
131,Denys,Ligoe,dligoe3m@dedecms.com,Male,102.231.166.173
132,Rosana,Berrisford,rberrisford3n@cdbaby.com,Female,153.105.108.2
133,Tan,Fishlock,tfishlock3o@virginia.edu,Male,235.154.146.16
134,Mickey,Ricarde,mricarde3p@bloomberg.com,Male,184.82.203.119
135,Aleen,Dalligan,adalligan3q@nsw.gov.au,Female,68.80.168.171
136,Dick,Colafate,dcolafate3r@cloudflare.com,Male,11.255.83.145
137,Talbert,Wakeham,twakeham3s@weibo.com,Male,205.88.163.221
138,Adrian,D'Ambrogio,adambrogio3t@bloomberg.com,Male,185.64.76.217
139,Diann,Guiso,dguiso3u@comsenz.com,Female,205.10.206.114
140,Jeth,Peasby,jpeasby3v@va.gov,Male,6.103.67.48
141,Gavin,McColl,gmccoll3w@about.me,Male,206.0.53.93
142,Cecilio,Lacroutz,clacroutz3x@odnoklassniki.ru,Male,97.146.176.216
143,Audra,Keele,akeele3y@auda.org.au,Female,13.125.25.150
144,Axe,Crellin,acrellin3z@webmd.com,Male,239.52.32.224
145,Audie,Allberry,aallberry40@netvibes.com,Female,99.246.161.79
146,Laina,Luggar,lluggar41@furl.net,Female,178.232.109.51
147,Aprilette,Appleby,aappleby42@etsy.com,Female,198.57.146.88
148,Harald,Sharkey,hsharkey43@studiopress.com,Genderqueer,105.36.92.215
149,Wilone,Crollman,wcrollman44@cbc.ca,Genderfluid,71.158.215.74
150,Odo,Bernard,obernard45@slate.com,Male,143.140.62.89
151,Hillel,Hutcheon,hhutcheon46@npr.org,Male,203.20.71.158
152,Seline,Lago,slago47@jimdo.com,Female,113.51.23.47
153,Megen,Brosi,mbrosi48@upenn.edu,Agender,106.253.95.252
154,Teodoor,Pashe,tpashe49@alexa.com,Male,243.126.199.164
155,Marys,Royall,mroyall4a@amazon.co.uk,Female,22.52.205.210
156,Harlan,Maccraw,hmaccraw4b@squarespace.com,Male,16.180.15.81
157,Christan,Orsay,corsay4c@t-online.de,Female,143.9.107.4
158,Belia,Petschel,bpetschel4d@hao123.com,Female,28.57.77.79
159,Jordan,McTrustrie,jmctrustrie4e@myspace.com,Male,156.243.234.191
160,Kandy,Eaken,keaken4f@irs.gov,Female,119.45.98.157
161,Enos,Bamblett,ebamblett4g@yelp.com,Male,2.177.226.180
162,Chrystel,Alvey,calvey4h@accuweather.com,Bigender,196.178.19.101
163,Dasha,Wasielewicz,dwasielewicz4i@photobucket.com,Female,89.18.39.57
164,Ciro,Aasaf,caasaf4j@house.gov,Male,37.239.158.76
165,Klarrisa,Daldan,kdaldan4k@baidu.com,Female,13.251.93.12
166,Cam,Pebworth,cpebworth4l@wisc.edu,Agender,180.69.75.178
167,Barney,Bastian,bbastian4m@paginegialle.it,Male,245.127.222.242
168,Leandra,Sandbrook,lsandbrook4n@ehow.com,Female,58.70.232.30
169,Lamar,Jodrellec,ljodrellec4o@sogou.com,Male,57.178.197.151
170,Gerry,Chasle,gchasle4p@businesswire.com,Male,198.231.186.91
171,Claybourne,Leglise,cleglise4q@msn.com,Male,113.99.54.122
172,Quintana,Szymanowski,qszymanowski4r@vk.com,Female,123.200.52.63
173,Rooney,Fowell,rfowell4s@angelfire.com,Male,208.195.188.236
174,Layne,Maria,lmaria4t@yale.edu,Female,0.43.137.2
175,Myranda,Dudleston,mdudleston4u@scribd.com,Female,73.232.79.119
176,Dalis,Lupson,dlupson4v@guardian.co.uk,Male,120.81.128.122
177,Eirena,Bollom,ebollom4w@toplist.cz,Female,84.17.11.73
178,Kariotta,Symcoxe,ksymcoxe4x@hhs.gov,Female,16.205.39.224
179,Raddy,Cawse,rcawse4y@msu.edu,Male,11.47.59.0
180,Mel,Ivashkov,mivashkov4z@nba.com,Male,82.173.212.63
181,Marius,Gudgin,mgudgin50@si.edu,Male,179.137.104.151
182,Doro,Gentiry,dgentiry51@tumblr.com,Female,79.116.65.237
183,Cinda,Hamill,chamill52@jalbum.net,Female,108.34.213.236
184,Ambros,Toun,atoun53@pagesperso-orange.fr,Male,48.232.1.130
185,Virgilio,Power,vpower54@apache.org,Male,195.224.85.171
186,Hilary,Merriman,hmerriman55@epa.gov,Male,158.179.176.61
187,Cosmo,Del Dello,cdeldello56@unc.edu,Male,131.171.125.205
188,Margo,Inchcomb,minchcomb57@alibaba.com,Female,84.47.193.122
189,Gerda,Symper,gsymper58@domainmarket.com,Female,48.232.188.218
190,Billi,Moohan,bmoohan59@sohu.com,Female,57.69.210.87
191,Jelene,Rendle,jrendle5a@nyu.edu,Female,32.244.166.165
192,Hamlin,Patey,hpatey5b@meetup.com,Male,34.35.129.78
193,Amandie,Just,ajust5c@intel.com,Female,18.49.27.172
194,Lorry,Hindshaw,lhindshaw5d@fastcompany.com,Female,163.4.54.234
195,Kare,Castanone,kcastanone5e@telegraph.co.uk,Female,220.87.253.227
196,Joshuah,Innot,jinnot5f@creativecommons.org,Male,235.189.103.32
197,Damita,Skedge,dskedge5g@salon.com,Female,205.46.97.93
198,Halette,Lewis,hlewis5h@ihg.com,Female,140.245.224.72
199,Rona,Huckin,rhuckin5i@wikimedia.org,Female,128.213.25.30
200,Merell,Bartrap,mbartrap5j@nyu.edu,Male,231.133.49.150
201,Arliene,Le Grove,alegrove5k@goo.ne.jp,Female,47.252.209.152
202,Ogdon,Smallbone,osmallbone5l@example.com,Polygender,239.112.53.45
203,Barn,Glover,bglover5m@opera.com,Male,253.55.184.52
204,Ivar,Abrams,iabrams5n@marketwatch.com,Male,109.208.254.131
205,Bil,Mazin,bmazin5o@addthis.com,Male,64.197.154.235
206,Babara,Holsall,bholsall5p@bandcamp.com,Female,40.7.63.22
207,De,Hartington,dhartington5q@auda.org.au,Female,4.108.64.155
208,Orlando,Skule,oskule5r@fotki.com,Male,49.87.177.148
209,Sharona,Skeats,sskeats5s@comsenz.com,Genderfluid,31.163.29.136
210,Lamond,Bygate,lbygate5t@freewebs.com,Male,102.70.19.190
211,Powell,Millis,pmillis5u@ow.ly,Male,156.168.203.5
212,Waring,Dicey,wdicey5v@mashable.com,Male,20.153.184.89
213,Irene,Kaplin,ikaplin5w@soundcloud.com,Female,157.164.140.201
214,Harrie,Spellard,hspellard5x@flickr.com,Female,118.213.90.115
215,Ardeen,Manginot,amanginot5y@histats.com,Female,164.45.54.112
216,Esta,Offell,eoffell5z@yahoo.com,Female,118.247.182.199
217,Pepillo,Fantone,pfantone60@biglobe.ne.jp,Male,135.121.47.124
218,Laney,O'Neill,loneill61@symantec.com,Male,8.68.39.19
219,Maia,Kelk,mkelk62@craigslist.org,Female,232.208.226.36
220,Kristel,Ewbanke,kewbanke63@reverbnation.com,Female,200.209.154.209
221,Pennie,Earnshaw,pearnshaw64@multiply.com,Male,18.220.193.182
222,Gonzales,Oselton,goselton65@hud.gov,Male,36.55.209.2
223,Lorin,Valencia,lvalencia66@twitpic.com,Male,47.103.253.149
224,Sigfried,Durnell,sdurnell67@odnoklassniki.ru,Male,7.60.239.64
225,Geoff,Woolmington,gwoolmington68@biglobe.ne.jp,Male,108.101.28.9
226,Adelle,Neward,aneward69@jalbum.net,Female,41.165.226.133
227,Koral,Abrahamsson,kabrahamsson6a@mysql.com,Female,116.149.68.142
228,Alfonso,Harrill,aharrill6b@sphinn.com,Male,102.152.139.100
229,Archy,Fakes,afakes6c@posterous.com,Male,50.223.244.149
230,Bobine,Gaine of England,bgaineofengland6d@time.com,Female,135.98.57.67
231,Sophia,Elnough,selnough6e@techcrunch.com,Female,141.32.183.219
232,Hildagard,Glancy,hglancy6f@sciencedaily.com,Genderqueer,21.250.188.156
233,Bernelle,Keaton,bkeaton6g@deviantart.com,Female,133.43.64.3
234,Belvia,Nellis,bnellis6h@aboutads.info,Female,125.14.124.202
235,Gabie,Roycroft,groycroft6i@ucsd.edu,Female,21.235.232.68
236,Letta,Leavold,lleavold6j@symantec.com,Female,51.189.64.87
237,Cyril,Szymaniak,cszymaniak6k@fema.gov,Male,28.154.215.10
238,Donny,Witton,dwitton6l@hao123.com,Female,52.120.56.23
239,Amii,Giacaponi,agiacaponi6m@reverbnation.com,Female,17.38.172.193
240,Dre,Lewisham,dlewisham6n@eventbrite.com,Female,208.185.20.155
241,Cchaddie,Woolfenden,cwoolfenden6o@miibeian.gov.cn,Male,10.41.108.212
242,Berk,Balsellie,bbalsellie6p@newyorker.com,Male,35.139.142.103
243,Manda,Dumbelton,mdumbelton6q@google.pl,Genderqueer,28.107.116.74
244,Lilia,Tax,ltax6r@miibeian.gov.cn,Agender,228.142.132.102
245,Raffaello,Stopforth,rstopforth6s@vimeo.com,Male,179.44.250.132
246,Bonnee,Girvan,bgirvan6t@shareasale.com,Female,96.177.70.204
247,Quintilla,Threadgold,qthreadgold6u@privacy.gov.au,Female,236.104.120.4
248,Cooper,Root,croot6v@dmoz.org,Male,56.74.15.94
249,Bennett,McClarence,bmcclarence6w@nhs.uk,Male,125.4.233.135
250,Alie,Longea,alongea6x@indiatimes.com,Female,6.238.205.233
251,Elenore,Towle,etowle6y@nba.com,Female,208.132.71.245
252,Vivienne,Gubbins,vgubbins6z@tripadvisor.com,Female,6.51.129.194
253,Stanislaus,Aleshkov,saleshkov70@acquirethisname.com,Male,201.186.212.55
254,Ferguson,Ivushkin,fivushkin71@themeforest.net,Male,64.24.130.172
255,Johnny,Hele,jhele72@infoseek.co.jp,Male,26.242.205.140
256,Delcine,Elsbury,delsbury73@umich.edu,Female,15.90.33.133
257,Kikelia,Worlidge,kworlidge74@webs.com,Female,224.242.63.180
258,Aurea,Bryer,abryer75@alexa.com,Female,226.207.178.218
259,Milly,Tresise,mtresise76@ucsd.edu,Female,233.214.76.140
260,Alie,Matthiae,amatthiae77@ask.com,Female,154.238.34.95
261,Trix,Loving,tloving78@theatlantic.com,Female,121.195.242.90
262,Barbabra,Lillo,blillo79@craigslist.org,Female,165.184.50.113
263,Dorian,Stinson,dstinson7a@flavors.me,Female,73.212.59.120
264,Lev,Duly,lduly7b@japanpost.jp,Male,156.197.24.187
265,Gisele,Mapother,gmapother7c@boston.com,Female,169.201.248.83
266,Hyacintha,Brazel,hbrazel7d@unc.edu,Female,11.129.179.192
267,Izzy,Brereton,ibrereton7e@cloudflare.com,Male,151.254.34.220
268,Geneva,Wheelton,gwheelton7f@google.co.jp,Female,118.226.199.185
269,Filmore,Spary,fspary7g@zimbio.com,Male,77.125.229.59
270,Tedi,Kingescot,tkingescot7h@seattletimes.com,Female,10.143.68.235
271,Westbrooke,Muzzall,wmuzzall7i@posterous.com,Male,69.87.75.20
272,Griz,Pickersgill,gpickersgill7j@rediff.com,Male,39.25.164.94
273,Harv,Haycraft,hhaycraft7k@cafepress.com,Male,48.220.50.178
274,Goober,Tear,gtear7l@sun.com,Male,225.66.243.238
275,Sandy,Giacobilio,sgiacobilio7m@nsw.gov.au,Male,205.91.147.139
276,Shawnee,Ludlow,sludlow7n@weibo.com,Female,130.183.5.129
277,Orion,Dellenbroker,odellenbroker7o@walmart.com,Male,148.9.42.228
278,Torin,McCaughran,tmccaughran7p@bbb.org,Genderfluid,30.199.195.197
279,York,Blenkhorn,yblenkhorn7q@un.org,Male,208.152.56.21
280,Marita,Marquese,mmarquese7r@dyndns.org,Female,168.70.115.62
281,Imogen,Solon,isolon7s@themeforest.net,Female,154.54.111.79
282,Lucho,Goodey,lgoodey7t@barnesandnoble.com,Male,42.146.225.242
283,Bernardine,Piscopello,bpiscopello7u@unicef.org,Female,206.91.250.204
284,Rodolphe,Leathe,rleathe7v@epa.gov,Male,110.178.97.81
285,Palmer,Arsey,parsey7w@php.net,Male,113.225.105.84
286,Laurence,Sanja,lsanja7x@shutterfly.com,Male,9.211.235.208
287,Andrei,Seden,aseden7y@cornell.edu,Female,136.94.250.11
288,Salvidor,Casado,scasado7z@so-net.ne.jp,Male,11.180.83.175
289,Skylar,De Beauchamp,sdebeauchamp80@elpais.com,Male,87.151.11.84
290,Fawnia,Feander,ffeander81@netscape.com,Female,150.175.121.216
291,Gunar,Whitnall,gwhitnall82@diigo.com,Male,212.57.147.19
292,Heall,Gepheart,hgepheart83@ebay.com,Male,173.244.65.46
293,Evonne,Bake,ebake84@blogspot.com,Female,170.51.172.78
294,Rand,Simonite,rsimonite85@a8.net,Male,121.211.5.239
295,Vanya,Serle,vserle86@unicef.org,Male,71.22.181.95
296,Alla,Puleston,apuleston87@cam.ac.uk,Female,225.157.108.228
297,Lin,Davers,ldavers88@archive.org,Male,216.140.164.114
298,Liane,Andres,landres89@wufoo.com,Female,64.151.197.146
299,Judy,Giacobo,jgiacobo8a@skyrock.com,Female,58.190.54.114
300,Kellie,Jerrems,kjerrems8b@mac.com,Female,211.56.200.155
301,Melicent,Oganian,moganian8c@quantcast.com,Female,166.91.228.108
302,Adelice,Buckenhill,abuckenhill8d@usda.gov,Female,141.214.15.38
303,Rhianna,Hanwright,rhanwright8e@wordpress.org,Female,65.253.233.92
304,Gus,Fullard,gfullard8f@blog.com,Male,147.59.174.70
305,Dorian,Tomblett,dtomblett8g@spiegel.de,Male,156.198.246.74
306,Early,Hogbourne,ehogbourne8h@liveinternet.ru,Male,186.211.146.4
307,Anatola,Dunkinson,adunkinson8i@aol.com,Female,4.3.154.5
308,Yasmin,Connerly,yconnerly8j@hubpages.com,Female,64.88.118.166
309,Correy,Dovey,cdovey8k@ox.ac.uk,Female,49.47.211.239
310,Constantino,Ottewell,cottewell8l@digg.com,Male,191.102.204.231
311,Saleem,Vispo,svispo8m@livejournal.com,Male,181.172.87.108
312,Gladys,Iacovides,giacovides8n@privacy.gov.au,Female,137.171.159.57
313,Paola,Faltskog,pfaltskog8o@hatena.ne.jp,Female,133.241.108.241
314,Sanders,Muckersie,smuckersie8p@slashdot.org,Male,116.106.115.85
315,Sibelle,Clethro,sclethro8q@ftc.gov,Female,178.180.89.58
316,Kippar,Absolom,kabsolom8r@mit.edu,Male,222.175.224.14
317,Harlie,Cordet,hcordet8s@sphinn.com,Female,114.190.164.158
318,Darill,Kelf,dkelf8t@msn.com,Male,24.105.175.130
319,Klaus,Martyntsev,kmartyntsev8u@princeton.edu,Male,59.3.64.131
320,Rodrique,Bortoletti,rbortoletti8v@vistaprint.com,Male,155.228.179.236
321,Clair,Stenett,cstenett8w@fotki.com,Male,214.58.21.20
322,Natka,O' Clovan,noclovan8x@webmd.com,Female,221.150.220.137
323,Malory,Shillom,mshillom8y@pbs.org,Female,33.187.2.102
324,Annis,Seckom,aseckom8z@netvibes.com,Female,227.197.150.69
325,Claudelle,Coxhead,ccoxhead90@woothemes.com,Female,211.156.5.214
326,Janette,Bronger,jbronger91@epa.gov,Female,192.56.83.161
327,Bessy,Browne,bbrowne92@amazonaws.com,Female,250.184.254.189
328,Oliviero,Rotge,orotge93@prweb.com,Male,204.38.126.165
329,Bibbye,De Marchi,bdemarchi94@sohu.com,Female,14.91.208.76
330,Reinaldo,Laughrey,rlaughrey95@uiuc.edu,Male,237.53.116.19
331,Tobi,Camilli,tcamilli96@reuters.com,Female,191.170.62.172
332,Andree,Tinn,atinn97@sun.com,Female,13.137.6.26
333,Adriane,Castella,acastella98@shop-pro.jp,Bigender,215.189.50.75
334,Erny,Ruecastle,eruecastle99@hao123.com,Male,4.189.206.183
335,Vina,Seden,vseden9a@bravesites.com,Bigender,25.195.93.95
336,Dale,Swaine,dswaine9b@wikia.com,Female,53.42.188.104
337,Viva,Cubbin,vcubbin9c@yolasite.com,Female,249.15.112.24
338,Tymon,Le Barr,tlebarr9d@un.org,Male,248.72.71.53
339,Annabel,Spatig,aspatig9e@chronoengine.com,Bigender,108.120.169.56
340,Adelice,Seydlitz,aseydlitz9f@naver.com,Female,162.201.89.79
341,Dorrie,Llewellin,dllewellin9g@seattletimes.com,Female,96.178.135.129
342,Amber,Awmack,aawmack9h@salon.com,Female,237.39.13.54
343,Luciana,Ledgard,lledgard9i@webnode.com,Genderfluid,189.240.163.65
344,Garv,Frazer,gfrazer9j@bloomberg.com,Male,208.40.113.162
345,Cloris,Jennens,cjennens9k@deviantart.com,Female,229.126.195.102
346,Tyrus,Lahiff,tlahiff9l@vistaprint.com,Male,113.189.78.111
347,Remus,Macken,rmacken9m@arstechnica.com,Male,210.140.102.159
348,Fidole,Rhelton,frhelton9n@facebook.com,Male,118.39.11.235
349,Maia,Glentz,mglentz9o@cafepress.com,Female,223.229.64.120
350,Roth,Onion,ronion9p@tamu.edu,Male,115.22.89.98
351,Richmond,Alwell,ralwell9q@berkeley.edu,Male,54.4.8.4
352,Rikki,Olivera,rolivera9r@google.co.jp,Female,13.134.226.22
353,Max,Brosetti,mbrosetti9s@cafepress.com,Male,163.153.106.37
354,Maddy,Loghan,mloghan9t@vistaprint.com,Male,90.17.80.2
355,Irwin,Lambrook,ilambrook9u@quantcast.com,Male,175.34.7.154
356,Jenn,McCerery,jmccerery9v@bigcartel.com,Female,67.81.239.182
357,Ramsay,Skurray,rskurray9w@slate.com,Male,108.152.202.213
358,Ragnar,McMeanma,rmcmeanma9x@independent.co.uk,Male,98.114.11.11
359,Elsey,Lobb,elobb9y@earthlink.net,Female,210.131.152.111
360,Gothart,Tinklin,gtinklin9z@symantec.com,Male,149.243.62.57
361,Faith,Belchambers,fbelchambersa0@examiner.com,Female,183.38.209.252
362,Harmony,Waylett,hwayletta1@china.com.cn,Female,219.130.148.168
363,Sissy,Hamly,shamlya2@geocities.jp,Female,60.137.235.177
364,Michaelina,Plumer,mplumera3@timesonline.co.uk,Female,240.194.133.202
365,Viva,Falkinder,vfalkindera4@moonfruit.com,Female,50.189.241.110
366,Tanhya,Lots,tlotsa5@xinhuanet.com,Female,135.205.143.133
367,Myer,Knok,mknoka6@reuters.com,Male,47.172.9.125
368,Galvan,Gerding,ggerdinga7@state.gov,Male,225.13.246.230
369,Toby,Pounds,tpoundsa8@desdev.cn,Male,96.2.78.230
370,Mattie,Wagenen,mwagenena9@oakley.com,Female,98.38.55.91
371,Scott,Sellstrom,ssellstromaa@phpbb.com,Male,216.234.245.162
372,Jada,Langelay,jlangelayab@tinyurl.com,Female,129.87.144.47
373,Conny,Riseborough,criseboroughac@weather.com,Female,39.60.48.169
374,Adler,Tieraney,atieraneyad@ebay.co.uk,Male,166.159.215.154
375,Helli,Ions,hionsae@paypal.com,Female,148.28.81.141
376,Maighdiln,Heber,mheberaf@hao123.com,Female,158.195.166.121
377,Kerrie,Sweet,ksweetag@bloomberg.com,Female,156.96.185.121
378,Nerta,Laugier,nlaugierah@quantcast.com,Female,159.150.161.69
379,Reynard,Polsin,rpolsinai@businessweek.com,Male,128.27.170.46
380,Allene,Benedettini,abenedettiniaj@sogou.com,Female,8.181.73.171
381,Fields,Hatcliffe,fhatcliffeak@yellowbook.com,Male,111.42.5.212
382,Godfry,Kleehuhler,gkleehuhleral@theguardian.com,Genderqueer,207.223.210.226
383,Alfredo,Thirsk,athirskam@nydailynews.com,Male,183.57.80.73
384,Leon,Hans,lhansan@reuters.com,Male,60.166.47.113
385,Wang,Philbrick,wphilbrickao@cnet.com,Male,170.136.3.168
386,Farrel,Dossettor,fdossettorap@blinklist.com,Genderqueer,171.242.111.157
387,Page,Dumbellow,pdumbellowaq@artisteer.com,Female,36.233.58.106
388,Deanna,Marskell,dmarskellar@networkadvertising.org,Female,241.178.99.24
389,Neall,Cobbin,ncobbinas@twitpic.com,Male,84.113.140.207
390,Lionello,Dowty,ldowtyat@paginegialle.it,Male,91.208.252.196
391,Arly,Slack,aslackau@163.com,Non-binary,147.26.224.160
392,Masha,Dalgardno,mdalgardnoav@scientificamerican.com,Female,83.58.238.223
393,Karry,Botler,kbotleraw@prnewswire.com,Female,12.212.170.158
394,Margaretha,Cattemull,mcattemullax@addthis.com,Female,23.138.220.33
395,Kelwin,Ortner,kortneray@omniture.com,Male,156.80.16.188
396,Giffard,O'Doran,godoranaz@vistaprint.com,Male,202.227.43.37
397,Skip,Walasik,swalasikb0@dailymotion.com,Male,44.89.87.247
398,Melinde,Perle,mperleb1@nasa.gov,Female,171.199.142.236
399,Rorie,Probyn,rprobynb2@google.co.jp,Female,12.9.17.209
400,Perl,Moohan,pmoohanb3@bloomberg.com,Female,174.233.117.225
401,Bailey,Tommen,btommenb4@sciencedaily.com,Male,29.216.34.213
402,Gram,Martonfi,gmartonfib5@mozilla.org,Male,75.248.178.17
403,Bil,Buttfield,bbuttfieldb6@bbc.co.uk,Male,128.31.175.219
404,Oralee,Debnam,odebnamb7@cocolog-nifty.com,Genderqueer,120.255.84.151
405,Filippa,Josuweit,fjosuweitb8@nytimes.com,Female,134.122.7.189
406,Addison,Dickie,adickieb9@nationalgeographic.com,Non-binary,202.125.129.225
407,Quintus,Norres,qnorresba@tiny.cc,Male,103.11.72.201
408,Bernelle,Maestrini,bmaestrinibb@desdev.cn,Female,221.80.74.198
409,Camella,Landrieu,clandrieubc@dion.ne.jp,Female,229.202.197.0
410,Gustie,Nuzzetti,gnuzzettibd@discuz.net,Female,221.45.189.52
411,Kassey,Dayley,kdayleybe@bbb.org,Female,102.31.215.132
412,Janelle,Bengough,jbengoughbf@ed.gov,Polygender,252.182.38.60
413,Mattie,Banbrick,mbanbrickbg@omniture.com,Female,168.17.21.163
414,Mick,Darmody,mdarmodybh@dailymotion.com,Male,249.247.57.165
415,Ransom,Stapylton,rstapyltonbi@ocn.ne.jp,Male,29.0.16.45
416,Baily,Sexty,bsextybj@craigslist.org,Male,24.1.205.199
417,Kally,Giblin,kgiblinbk@bravesites.com,Female,70.146.174.26
418,Jamey,Kitteman,jkittemanbl@arizona.edu,Male,44.225.217.90
419,Valerye,Kaplin,vkaplinbm@yolasite.com,Female,228.151.7.251
420,Rupert,Burniston,rburnistonbn@canalblog.com,Male,255.195.201.24
421,Stanford,Hamlen,shamlenbo@hugedomains.com,Male,159.255.242.105
422,Darlene,Minillo,dminillobp@huffingtonpost.com,Female,141.232.228.156
423,Carolyn,Collins,ccollinsbq@yellowbook.com,Female,206.230.51.25
424,Base,Eymor,beymorbr@google.co.uk,Male,170.11.90.195
425,Dare,Ellingford,dellingfordbs@nba.com,Male,238.60.173.201
426,Shell,Ericssen,sericssenbt@uol.com.br,Male,220.238.117.81
427,Merwyn,Pittock,mpittockbu@loc.gov,Male,26.52.38.132
428,Heinrick,Witton,hwittonbv@tumblr.com,Non-binary,76.200.234.105
429,Teador,Haxbie,thaxbiebw@tinypic.com,Male,47.42.212.52
430,Booth,Esson,bessonbx@cbsnews.com,Male,150.72.138.38
431,Rollo,McLeman,rmclemanby@elegantthemes.com,Male,36.65.154.211
432,Blakeley,Stow,bstowbz@theguardian.com,Female,206.172.167.142
433,Marietta,Bucklee,mbuckleec0@ed.gov,Male,33.155.187.214
434,Anderea,Greave,agreavec1@epa.gov,Female,219.108.108.164
435,Stevy,MacVaugh,smacvaughc2@craigslist.org,Polygender,104.186.142.131
436,Joshuah,Wilsone,jwilsonec3@gmpg.org,Male,15.19.207.74
437,Aldis,Philippeaux,aphilippeauxc4@mapy.cz,Male,187.8.254.27
438,Carmina,Reisenstein,creisensteinc5@bbb.org,Female,92.35.75.99
439,Alain,Bodman,abodmanc6@state.gov,Agender,135.90.141.162
440,Lainey,Cornforth,lcornforthc7@altervista.org,Female,2.199.80.54
441,Annemarie,Duffy,aduffyc8@theglobeandmail.com,Female,91.234.3.234
442,Simona,Yoodall,syoodallc9@google.it,Non-binary,24.51.121.23
443,Sybila,Briereton,sbrieretonca@sphinn.com,Polygender,52.76.28.167
444,Flossi,Jowle,fjowlecb@creativecommons.org,Female,203.204.65.21
445,Jerrold,Rochford,jrochfordcc@ebay.com,Male,207.167.89.81
446,Brent,Jewitt,bjewittcd@topsy.com,Male,206.183.191.153
447,Nathanael,Bearn,nbearnce@discuz.net,Male,210.94.16.182
448,Norene,Yule,nyulecf@vk.com,Female,150.63.219.252
449,Holmes,McGilleghole,hmcgillegholecg@simplemachines.org,Male,141.45.167.190
450,Shirley,Brittian,sbrittianch@hp.com,Female,117.248.97.68
451,Georgi,Spellicy,gspellicyci@umich.edu,Male,197.144.212.7
452,Hermie,Artz,hartzcj@amazon.de,Male,202.199.172.13
453,Juieta,Noen,jnoenck@lulu.com,Female,19.90.194.196
454,Roley,Dutt,rduttcl@merriam-webster.com,Male,147.33.75.226
455,Gertrudis,Lilbourne,glilbournecm@slate.com,Female,110.24.117.162
456,Kass,Crack,kcrackcn@instagram.com,Female,113.73.55.123
457,Misha,Rawstorne,mrawstorneco@foxnews.com,Female,101.147.22.215
458,Danella,Mugglestone,dmugglestonecp@ftc.gov,Female,49.128.187.138
459,Bell,Korneichik,bkorneichikcq@redcross.org,Female,117.212.227.240
460,Anatola,Doohan,adoohancr@youku.com,Female,168.47.180.108
461,Ambrosio,Guppy,aguppycs@cargocollective.com,Male,59.35.182.158
462,Alaric,Geck,ageckct@posterous.com,Male,145.38.32.155
463,Ginevra,Challoner,gchallonercu@newyorker.com,Female,8.147.113.100
464,Jessalyn,Roz,jrozcv@mapy.cz,Female,22.185.118.33
465,Lonny,Collisson,lcollissoncw@guardian.co.uk,Male,159.57.225.210
466,Emyle,Govett,egovettcx@vk.com,Female,207.244.191.172
467,Adela,Olivey,aoliveycy@naver.com,Female,15.37.3.211
468,Oswell,Scargle,oscarglecz@usnews.com,Male,122.234.117.212
469,Harley,Cassells,hcassellsd0@hatena.ne.jp,Female,251.65.72.55
470,Annora,Matignon,amatignond1@japanpost.jp,Female,196.159.234.47
471,Urson,Querrard,uquerrardd2@unesco.org,Male,226.47.53.101
472,Beltran,Kinde,bkinded3@disqus.com,Male,16.90.93.249
473,Sallie,Croshaw,scroshawd4@netlog.com,Female,161.108.199.128
474,Donnie,Borleace,dborleaced5@360.cn,Male,174.108.59.22
475,Jakie,Philp,jphilpd6@meetup.com,Male,158.211.54.191
476,Josie,Kamall,jkamalld7@wiley.com,Non-binary,248.140.235.95
477,Holmes,Manoch,hmanochd8@psu.edu,Male,191.118.23.233
478,Gianina,Server,gserverd9@people.com.cn,Female,74.191.5.180
479,Minta,McLaughlin,mmclaughlinda@about.me,Female,4.63.71.59
480,Godard,Takis,gtakisdb@tuttocitta.it,Male,236.208.97.244
481,Amalle,Grunder,agrunderdc@sakura.ne.jp,Female,99.35.52.13
482,Livia,Surgener,lsurgenerdd@google.cn,Female,173.81.45.242
483,Queenie,Buzza,qbuzzade@google.cn,Female,5.50.81.88
484,Link,Daviot,ldaviotdf@spiegel.de,Male,216.255.233.24
485,Cathryn,Goudman,cgoudmandg@skyrock.com,Female,183.43.8.126
486,Helsa,Cawtheray,hcawtheraydh@wordpress.org,Female,12.223.65.99
487,Marius,Stoddart,mstoddartdi@reddit.com,Male,60.3.125.95
488,Shanda,Rzehor,srzehordj@noaa.gov,Female,54.144.131.11
489,Caresse,Poli,cpolidk@narod.ru,Female,141.24.186.229
490,Nickolai,Peacock,npeacockdl@squarespace.com,Male,235.68.111.167
491,Jacobo,Bowcock,jbowcockdm@cyberchimps.com,Male,158.132.150.9
492,Theodore,Screeton,tscreetondn@examiner.com,Male,91.230.148.221
493,Ignace,Veracruysse,iveracruyssedo@msn.com,Male,133.22.0.73
494,Clareta,Charville,ccharvilledp@rediff.com,Female,146.54.115.196
495,Lena,Paliser,lpaliserdq@macromedia.com,Bigender,154.11.108.131
496,Kent,Peart,kpeartdr@facebook.com,Male,109.17.71.56
497,Caleb,Raynard,craynardds@ifeng.com,Male,93.250.162.160
498,Shelly,Lightbown,slightbowndt@unc.edu,Polygender,200.248.250.188
499,Fulton,Towe,ftowedu@soup.io,Male,87.233.181.7
500,Hagen,Tyer,htyerdv@guardian.co.uk,Male,55.228.106.248
501,Prinz,Beauly,pbeaulydw@wired.com,Male,151.179.206.119
502,Andee,Koomar,akoomardx@bravesites.com,Female,114.141.117.11
503,Roxane,Ladell,rladelldy@google.ca,Female,106.16.133.154
504,Worth,Tippings,wtippingsdz@photobucket.com,Male,15.25.34.61
505,Tommy,Guillou,tguilloue0@cnn.com,Female,61.176.46.142
506,Silvio,Angerstein,sangersteine1@geocities.com,Male,13.165.93.5
507,Timmie,Wilbor,twilbore2@github.io,Male,207.51.204.132
508,Tristan,Guerrero,tguerreroe3@storify.com,Male,226.0.44.206
509,Trixy,Schindler,tschindlere4@indiegogo.com,Female,119.26.129.152
510,Lauren,Chainey,lchaineye5@google.ca,Male,22.34.251.33
511,Sidney,Waycott,swaycotte6@cloudflare.com,Male,232.254.91.226
512,Oren,Terrington,oterringtone7@europa.eu,Male,35.63.27.4
513,Mikel,Clement,mclemente8@eventbrite.com,Male,201.92.236.168
514,Griselda,Elsip,gelsipe9@mayoclinic.com,Genderqueer,227.5.3.228
515,Casper,Warratt,cwarrattea@fc2.com,Male,66.159.36.57
516,Elia,Rutherforth,erutherfortheb@foxnews.com,Male,32.236.56.214
517,Evita,Bosenworth,ebosenworthec@storify.com,Genderfluid,79.189.153.137
518,Pauly,Croneen,pcroneened@pen.io,Male,28.18.97.251
519,Alexis,Wiggans,awiggansee@google.it,Male,216.67.97.52
520,Rea,Dolbey,rdolbeyef@flavors.me,Female,18.10.197.76
521,Simone,Hewins,shewinseg@bizjournals.com,Male,94.170.65.38
522,Herschel,Jakubovicz,hjakuboviczeh@usa.gov,Male,48.234.146.165
523,Ruy,Schimonek,rschimonekei@hibu.com,Male,130.57.40.220
524,Nolan,Hutchcraft,nhutchcraftej@forbes.com,Male,193.98.245.120
525,Grayce,Silverwood,gsilverwoodek@blogtalkradio.com,Female,254.114.17.118
526,Gerti,Howard - Gater,ghowardgaterel@imgur.com,Agender,165.143.53.253
527,Emiline,Guerri,eguerriem@usda.gov,Female,184.222.70.127
528,Austin,Rudman,arudmanen@altervista.org,Bigender,31.26.31.187
529,Kerwinn,Janiak,kjaniakeo@hubpages.com,Male,69.110.141.96
530,Zorah,Ewles,zewlesep@cbslocal.com,Female,153.130.40.176
531,Tedra,Peyro,tpeyroeq@webs.com,Female,132.173.12.88
532,Ansell,Paal,apaaler@hc360.com,Non-binary,15.118.205.185
533,Fairleigh,Strodder,fstrodderes@ox.ac.uk,Male,202.144.15.255
534,Morgana,Hulstrom,mhulstromet@bigcartel.com,Bigender,47.103.58.205
535,Tully,Nudds,tnuddseu@princeton.edu,Male,163.164.57.65
536,Carlin,Cruise,ccruiseev@privacy.gov.au,Male,216.131.222.170
537,Sanson,Pablos,spablosew@biblegateway.com,Male,195.28.40.166
538,Bill,Blue,bblueex@privacy.gov.au,Female,59.84.6.134
539,Marlena,Rutland,mrutlandey@vkontakte.ru,Female,167.177.112.142
540,Cari,Falcus,cfalcusez@wp.com,Female,131.149.54.87
541,Averell,Llewellin,allewellinf0@jigsy.com,Male,200.105.151.189
542,Douglass,Skyrm,dskyrmf1@examiner.com,Male,71.91.165.23
543,Gwenora,White,gwhitef2@usnews.com,Female,214.18.22.43
544,Rolph,Scandred,rscandredf3@ibm.com,Male,13.253.118.36
545,Ilise,McLinden,imclindenf4@google.ca,Female,34.149.0.135
546,Gallard,Tolerton,gtolertonf5@yale.edu,Male,160.79.251.234
547,Gussi,Hamblin,ghamblinf6@ezinearticles.com,Female,248.69.144.42
548,Shermie,Valens-Smith,svalenssmithf7@cyberchimps.com,Male,245.155.158.177
549,Trent,Calliss,tcallissf8@sfgate.com,Non-binary,86.62.121.115
550,Karim,Mitchener,kmitchenerf9@freewebs.com,Male,28.220.26.240
551,Elayne,Acom,eacomfa@zimbio.com,Female,249.235.94.21
552,Pauletta,Ruskin,pruskinfb@blogs.com,Female,70.126.135.147
553,Carlen,Brickdale,cbrickdalefc@washington.edu,Female,122.220.3.24
554,Daisey,Sanbrooke,dsanbrookefd@twitpic.com,Female,84.50.210.250
555,Leicester,Madill,lmadillfe@deliciousdays.com,Male,36.56.151.189
556,Abraham,Thoumas,athoumasff@php.net,Male,195.6.143.181
557,Odo,Jewkes,ojewkesfg@newyorker.com,Male,50.96.121.200
558,Perkin,Gumbrell,pgumbrellfh@skype.com,Male,181.49.152.32
559,Marshall,Wyatt,mwyattfi@forbes.com,Male,115.185.96.96
560,Wash,Rushbrook,wrushbrookfj@github.com,Male,43.253.82.108
561,Merell,Abeles,mabelesfk@cdbaby.com,Male,27.98.32.49
562,Teodora,Dadson,tdadsonfl@nytimes.com,Female,28.52.74.87
563,Orton,Ranby,oranbyfm@youku.com,Male,231.33.186.119
564,Frankie,Perren,fperrenfn@hexun.com,Male,55.209.194.18
565,Mickie,Fuchs,mfuchsfo@mashable.com,Female,173.167.127.56
566,Sallyanne,Blay,sblayfp@reverbnation.com,Female,206.81.60.85
567,Sibyl,Eubank,seubankfq@wp.com,Male,174.255.241.45
568,Teddi,Hardan,thardanfr@wiley.com,Female,212.126.236.11
569,Helen,Canelas,hcanelasfs@weibo.com,Female,40.3.85.191
570,Rhianna,Jellico,rjellicoft@seesaa.net,Female,198.225.93.186
571,Fredrika,Crean,fcreanfu@com.com,Female,31.86.112.200
572,Letizia,Devany,ldevanyfv@bloglovin.com,Female,229.123.210.146
573,Brit,Goldine,bgoldinefw@weibo.com,Male,52.199.34.46
574,Candace,Chandlar,cchandlarfx@sourceforge.net,Female,74.4.117.142
575,Thatcher,Cortes,tcortesfy@wired.com,Male,165.142.190.98
576,Harlan,Fountian,hfountianfz@friendfeed.com,Male,181.138.230.81
577,Ardyce,Edwicker,aedwickerg0@bandcamp.com,Female,16.116.150.110
578,Meara,Staner,mstanerg1@bigcartel.com,Female,132.233.117.182
579,Othilie,Jendas,ojendasg2@chron.com,Female,87.77.75.97
580,Bo,Raisbeck,braisbeckg3@free.fr,Polygender,151.166.147.25
581,Beilul,Warburton,bwarburtong4@multiply.com,Female,193.123.7.242
582,Chad,Harrod,charrodg5@reuters.com,Male,78.62.206.94
583,Ynez,Guttridge,yguttridgeg6@google.ru,Female,100.158.202.56
584,Abner,Gullan,agullang7@stumbleupon.com,Male,176.33.170.223
585,Eliza,Reijmers,ereijmersg8@networksolutions.com,Female,80.46.231.65
586,Isa,Nabarro,inabarrog9@mozilla.org,Female,207.203.219.126
587,Shelby,Whooley,swhooleyga@gnu.org,Male,154.250.10.162
588,Adella,Perazzo,aperazzogb@senate.gov,Female,97.80.227.23
589,Jourdan,Mabbitt,jmabbittgc@huffingtonpost.com,Female,99.27.166.16
590,Koralle,Bundock,kbundockgd@csmonitor.com,Agender,167.109.86.200
591,Gare,Caskie,gcaskiege@wikimedia.org,Male,180.74.174.53
592,Denys,Farres,dfarresgf@europa.eu,Male,243.17.103.230
593,Stan,Vaudin,svaudingg@bloomberg.com,Male,183.204.212.237
594,Vittorio,Bottoms,vbottomsgh@reuters.com,Male,8.253.128.110
595,Jannelle,Cayette,jcayettegi@ycombinator.com,Female,234.32.228.195
596,Lemmie,Orris,lorrisgj@bing.com,Male,240.216.90.138
597,Datha,Rolfe,drolfegk@pen.io,Female,104.29.131.61
598,Ewell,Cariss,ecarissgl@yellowbook.com,Male,126.214.120.199
599,Marcille,Lovemore,mlovemoregm@who.int,Female,106.139.17.174
600,Elden,Wathall,ewathallgn@va.gov,Male,155.86.128.173
601,Sal,McCorley,smccorleygo@myspace.com,Male,176.135.7.129
602,Colan,Briggdale,cbriggdalegp@desdev.cn,Male,229.225.254.76
603,El,Jansey,ejanseygq@live.com,Male,148.185.99.218
604,Sofie,Barnardo,sbarnardogr@wufoo.com,Female,178.89.181.252
605,Benoit,Van Velden,bvanveldengs@canalblog.com,Male,223.150.155.78
606,Roselle,Bridel,rbridelgt@ifeng.com,Female,99.104.208.222
607,Darda,Hackley,dhackleygu@lycos.com,Genderqueer,168.36.46.50
608,Fritz,Petrillo,fpetrillogv@lycos.com,Male,242.37.108.3
609,Rudolph,Farfull,rfarfullgw@cloudflare.com,Male,245.217.153.195
610,Bay,Neath,bneathgx@indiatimes.com,Agender,91.20.128.210
611,Angelina,Golds,agoldsgy@wikispaces.com,Female,158.64.97.131
612,Isaac,Vodden,ivoddengz@canalblog.com,Male,208.221.38.67
613,Theda,Ellacott,tellacotth0@dailymotion.com,Female,11.42.69.104
614,Alwin,Brouwer,abrouwerh1@domainmarket.com,Male,170.31.197.128
615,Muriel,Carme,mcarmeh2@simplemachines.org,Polygender,172.212.62.7
616,Gail,Sachno,gsachnoh3@amazon.co.uk,Female,169.222.164.241
617,Suellen,Gourlie,sgourlieh4@constantcontact.com,Female,221.231.193.52
618,Felita,Fagg,ffaggh5@chronoengine.com,Female,91.248.45.68
619,Rakel,Harbottle,rharbottleh6@4shared.com,Female,103.174.208.203
620,Miriam,Searson,msearsonh7@forbes.com,Female,0.207.137.34
621,Wyatt,Edie,wedieh8@smh.com.au,Male,196.176.122.28
622,Patrice,Jacke,pjackeh9@adobe.com,Female,60.53.125.78
623,Hazel,Oldknow,holdknowha@webeden.co.uk,Female,82.100.107.165
624,Evonne,Trathen,etrathenhb@miibeian.gov.cn,Female,178.165.202.132
625,Gisela,Grisewood,ggrisewoodhc@hubpages.com,Female,135.53.117.179
626,Ashley,Huzzey,ahuzzeyhd@ucoz.ru,Female,226.143.74.152
627,Dorry,Stivani,dstivanihe@simplemachines.org,Female,104.194.222.156
628,Hasheem,Relfe,hrelfehf@accuweather.com,Male,146.174.235.178
629,Abeu,Broome,abroomehg@blogspot.com,Male,195.240.155.33
630,Milty,Bramwell,mbramwellhh@alexa.com,Non-binary,204.11.128.48
631,Rolando,Assender,rassenderhi@sciencedirect.com,Male,60.96.67.160
632,Neil,Lichtfoth,nlichtfothhj@plala.or.jp,Male,78.15.148.31
633,Kendre,Dunsmuir,kdunsmuirhk@clickbank.net,Female,209.58.73.159
634,Staffard,Ternouth,sternouthhl@indiegogo.com,Male,155.72.28.200
635,Rene,Sommer,rsommerhm@ibm.com,Male,153.199.68.212
636,Delmar,Yedy,dyedyhn@oaic.gov.au,Male,145.5.236.38
637,Tabbitha,Spurgin,tspurginho@nih.gov,Female,145.24.170.148
638,Clementius,Brunelleschi,cbrunelleschihp@soup.io,Male,3.120.197.242
639,Ellissa,Wollrauch,ewollrauchhq@indiatimes.com,Genderfluid,188.34.175.89
640,Paquito,Hodges,phodgeshr@fastcompany.com,Male,248.125.189.66
641,Paxton,Phinn,pphinnhs@sina.com.cn,Male,142.32.73.140
642,Marne,Ernke,mernkeht@meetup.com,Female,29.165.98.41
643,Cati,Ogus,cogushu@zimbio.com,Female,31.192.253.201
644,Katine,Friend,kfriendhv@intel.com,Female,144.253.202.71
645,Rosabelle,Sixsmith,rsixsmithhw@disqus.com,Female,219.183.8.92
646,Aubert,Koppes,akoppeshx@alibaba.com,Male,65.247.122.100
647,Archer,Schwandermann,aschwandermannhy@mapquest.com,Male,83.60.63.93
648,Boniface,MacEveley,bmaceveleyhz@imageshack.us,Male,168.86.97.21
649,Gavin,Lewsey,glewseyi0@cornell.edu,Male,104.186.195.214
650,Gay,Boate,gboatei1@twitter.com,Male,107.199.147.49
651,Esta,Redmore,eredmorei2@marketwatch.com,Female,245.42.43.221
652,Xylina,Ashbey,xashbeyi3@time.com,Female,170.71.148.43
653,Pebrook,Eunson,peunsoni4@reference.com,Male,37.206.211.251
654,Arlyn,Tansley,atansleyi5@studiopress.com,Female,92.110.177.189
655,Kurtis,Danelut,kdaneluti6@twitter.com,Male,208.169.85.220
656,Linda,Ducarel,lducareli7@themeforest.net,Polygender,64.90.176.213
657,Abbey,Fealy,afealyi8@discovery.com,Female,163.158.87.0
658,Abey,Pavlitschek,apavlitscheki9@blogtalkradio.com,Male,176.7.152.16
659,Bevan,Sambedge,bsambedgeia@pen.io,Male,104.205.175.97
660,Rochelle,Farney,rfarneyib@wikia.com,Female,121.38.99.63
661,Broddie,Ferraresi,bferraresiic@issuu.com,Male,243.180.65.144
662,Gracie,Barendtsen,gbarendtsenid@tripadvisor.com,Female,91.58.210.113
663,Alexio,Gittins,agittinsie@dell.com,Male,35.166.10.92
664,Rabbi,Simonnin,rsimonninif@japanpost.jp,Male,88.231.18.10
665,Griswold,Hucks,ghucksig@sciencedirect.com,Male,125.163.194.195
666,Eadith,Hollibone,eholliboneih@woothemes.com,Female,66.112.72.208
667,Kristoffer,Magrannell,kmagrannellii@cbc.ca,Male,194.149.235.39
668,Gabbie,Ellard,gellardij@princeton.edu,Female,29.230.204.208
669,Ashley,Goldie,agoldieik@cnn.com,Male,249.77.34.121
670,Torin,Jellard,tjellardil@taobao.com,Male,226.40.108.112
671,Bettina,Schleswig-Holstein,bschleswigholsteinim@miitbeian.gov.cn,Female,214.207.122.163
672,Garrott,Patten,gpattenin@ow.ly,Male,172.48.227.107
673,Ingemar,Phillippo,iphillippoio@storify.com,Male,215.192.97.96
674,Konstanze,O'Rudden,koruddenip@mediafire.com,Agender,65.7.103.100
675,Felicio,Mazdon,fmazdoniq@lycos.com,Male,219.52.68.151
676,Barclay,Ronayne,bronayneir@arizona.edu,Male,172.198.178.204
677,Dorian,Harrow,dharrowis@weibo.com,Male,43.120.185.146
678,Lucine,Southerton,lsouthertonit@feedburner.com,Female,104.40.59.173
679,Antonino,Nuttey,anutteyiu@soundcloud.com,Male,60.202.45.123
680,Linzy,Rushbrooke,lrushbrookeiv@nymag.com,Female,113.203.17.172
681,Zach,Rathe,zratheiw@xrea.com,Male,11.2.209.233
682,Irita,Luxen,iluxenix@sfgate.com,Female,214.237.13.201
683,Montgomery,Norcliff,mnorcliffiy@archive.org,Genderqueer,219.194.216.59
684,Libby,Melmoth,lmelmothiz@wordpress.org,Female,18.12.23.12
685,Gerhard,Dietmar,gdietmarj0@cnbc.com,Male,173.71.16.129
686,Trumaine,Forsythe,tforsythej1@latimes.com,Male,5.194.222.231
687,Jerri,Wiggington,jwiggingtonj2@rediff.com,Male,212.149.81.133
688,Greer,Fardy,gfardyj3@google.de,Female,31.223.50.90
689,Amby,Georgeson,ageorgesonj4@instagram.com,Male,81.79.244.87
690,Alta,Bealing,abealingj5@bloglines.com,Female,135.130.117.244
691,Elena,Campling,ecamplingj6@cloudflare.com,Female,51.180.250.169
692,Maximilianus,Ashman,mashmanj7@tinypic.com,Male,115.145.34.245
693,Sky,Kener,skenerj8@sbwire.com,Male,114.246.107.4
694,Hamilton,Fennessy,hfennessyj9@indiegogo.com,Male,191.97.127.196
695,Roberta,Mollin,rmollinja@feedburner.com,Agender,234.41.186.155
696,Emlen,Shapter,eshapterjb@yahoo.com,Male,238.27.8.252
697,Granny,Le Noire,glenoirejc@craigslist.org,Genderfluid,242.10.128.129
698,Barron,Haggett,bhaggettjd@wp.com,Male,133.211.142.210
699,Muhammad,Bodd,mboddje@hexun.com,Male,131.78.45.105
700,Stanfield,Drewell,sdrewelljf@merriam-webster.com,Male,3.149.132.181
701,Gabbie,Ragless,graglessjg@smh.com.au,Male,208.59.78.178
702,Maryellen,Banner,mbannerjh@google.com,Female,42.83.87.57
703,Woodie,Rotlauf,wrotlaufji@google.com.br,Male,149.216.96.181
704,Findley,Decourt,fdecourtjj@oakley.com,Male,20.135.135.99
705,Sandye,Ollin,sollinjk@dailymail.co.uk,Female,73.128.57.222
706,Dusty,Ainley,dainleyjl@gravatar.com,Genderqueer,191.192.5.6
707,Emmerich,Belding,ebeldingjm@stumbleupon.com,Genderfluid,104.241.52.206
708,Harmonia,MacKain,hmackainjn@shinystat.com,Female,19.22.252.249
709,Roxane,McGuffog,rmcguffogjo@icq.com,Female,92.209.191.236
710,Bennie,Dashkovich,bdashkovichjp@youtube.com,Female,244.56.147.148
711,Cart,Strike,cstrikejq@angelfire.com,Male,151.224.49.46
712,Ambrosi,Button,abuttonjr@sphinn.com,Agender,1.188.112.128
713,Charlton,Dyshart,cdyshartjs@bigcartel.com,Male,36.8.159.172
714,Eada,Galbraith,egalbraithjt@elegantthemes.com,Female,104.202.60.210
715,Ali,Housbie,ahousbieju@squidoo.com,Male,41.199.122.205
716,Alfreda,Parysiak,aparysiakjv@cam.ac.uk,Female,79.154.44.132
717,Darya,Insoll,dinsolljw@fastcompany.com,Female,245.163.251.245
718,Corty,Corrett,ccorrettjx@cam.ac.uk,Male,100.118.144.133
719,Ansley,McMeeking,amcmeekingjy@unc.edu,Female,170.205.191.215
720,Pavel,Clerk,pclerkjz@dmoz.org,Male,219.35.141.117
721,Miguela,Galier,mgalierk0@bigcartel.com,Female,41.85.243.177
722,Shem,Hawkes,shawkesk1@hugedomains.com,Male,102.219.198.252
723,Syd,Munson,smunsonk2@ning.com,Male,232.212.243.94
724,Bernadene,Cainey,bcaineyk3@nymag.com,Female,40.6.113.247
725,Myrtia,Parkin,mparkink4@google.com.hk,Female,121.180.170.118
726,Brendan,Alvarado,balvaradok5@amazonaws.com,Male,120.166.146.255
727,Edmund,Masi,emasik6@wiley.com,Male,150.251.140.225
728,Ann,MacCallam,amaccallamk7@toplist.cz,Bigender,51.143.30.65
729,Barnie,Buxey,bbuxeyk8@cisco.com,Male,32.0.146.73
730,Collin,Print,cprintk9@fotki.com,Male,164.205.229.176
731,Roscoe,O'Lenane,rolenaneka@prnewswire.com,Male,239.119.198.253
732,Andres,Richter,arichterkb@geocities.com,Male,238.93.164.230
733,Court,Terbruggen,cterbruggenkc@ebay.co.uk,Male,44.14.133.232
734,Fabiano,Ivanilov,fivanilovkd@va.gov,Male,97.175.240.60
735,Humfrey,Amott,hamottke@discovery.com,Male,126.53.230.1
736,Audre,Ivakhnov,aivakhnovkf@bizjournals.com,Female,104.2.239.83
737,Evvy,Thirwell,ethirwellkg@scribd.com,Female,145.254.121.241
738,Agathe,Fiorentino,afiorentinokh@ox.ac.uk,Genderqueer,1.100.247.147
739,Janel,Ramel,jramelki@npr.org,Female,42.253.201.168
740,Lily,Rastrick,lrastrickkj@printfriendly.com,Female,108.175.238.209
741,Andrus,Olyunin,aolyuninkk@4shared.com,Male,13.162.199.153
742,Ralf,Grimmert,rgrimmertkl@wordpress.org,Male,183.13.125.239
743,Gallagher,Greated,ggreatedkm@google.co.jp,Polygender,76.48.104.229
744,Ike,Snawden,isnawdenkn@sciencedirect.com,Male,33.185.209.70
745,Leanor,Schoroder,lschoroderko@naver.com,Female,50.63.131.111
746,Blaine,McBryde,bmcbrydekp@arizona.edu,Non-binary,170.7.37.224
747,Judye,Tavner,jtavnerkq@godaddy.com,Agender,44.41.65.237
748,Shelbi,Grene,sgrenekr@1688.com,Female,217.65.222.217
749,Federico,Bransden,fbransdenks@army.mil,Male,222.190.186.162
750,Annnora,Giffard,agiffardkt@abc.net.au,Female,0.66.108.114
751,Gaylord,McArt,gmcartku@state.tx.us,Male,211.123.10.195
752,Wylie,Dobie,wdobiekv@booking.com,Male,176.212.154.62
753,Dilly,Sowter,dsowterkw@nasa.gov,Male,98.120.239.58
754,Aymer,Hufton,ahuftonkx@simplemachines.org,Polygender,208.128.78.122
755,Janetta,Lepere,jlepereky@zdnet.com,Female,70.205.64.162
756,Shepherd,Gervaise,sgervaisekz@wikia.com,Male,10.181.138.213
757,Ida,Caras,icarasl0@feedburner.com,Female,167.197.235.203
758,Winfred,Bollis,wbollisl1@tripod.com,Male,9.113.232.160
759,Olivette,Coleiro,ocoleirol2@ihg.com,Female,249.136.126.189
760,Norby,Lambart,nlambartl3@wisc.edu,Male,128.39.46.8
761,Brien,Mordanti,bmordantil4@scientificamerican.com,Male,167.249.36.69
762,Chrissy,Fender,cfenderl5@jigsy.com,Male,194.100.46.121
763,Albertine,Lyford,alyfordl6@psu.edu,Female,55.61.63.6
764,Mickey,Nunns,mnunnsl7@biblegateway.com,Male,11.63.165.74
765,Rosabella,Maccaig,rmaccaigl8@diigo.com,Female,73.59.143.252
766,Federica,Goodlip,fgoodlipl9@chron.com,Female,22.201.179.235
767,Jule,Scrowston,jscrowstonla@paginegialle.it,Male,37.122.249.251
768,Parnell,Hastings,phastingslb@aol.com,Male,186.169.52.134
769,Pippy,Spencer,pspencerlc@cbc.ca,Female,203.230.65.149
770,Zsa zsa,Whetnall,zwhetnallld@earthlink.net,Female,23.208.98.61
771,Tamar,Feaster,tfeasterle@cnn.com,Female,134.196.157.132
772,Kenon,Grove,kgrovelf@oakley.com,Male,217.19.155.199
773,Albie,Seefus,aseefuslg@vistaprint.com,Male,146.125.60.176
774,Cornie,Jeggo,cjeggolh@domainmarket.com,Male,105.24.78.168
775,Michail,Boys,mboysli@free.fr,Male,40.180.221.47
776,Ilene,Simonson,isimonsonlj@gmpg.org,Female,162.205.91.36
777,Ferris,Lawdham,flawdhamlk@godaddy.com,Male,229.161.106.218
778,Florance,Sturdy,fsturdyll@trellian.com,Female,110.147.103.202
779,Sibyl,Chennells,schennellslm@goodreads.com,Female,227.79.201.234
780,Breanne,Greber,bgreberln@census.gov,Female,34.108.75.77
781,Kelsey,Igounet,kigounetlo@indiegogo.com,Female,83.144.92.1
782,Muire,Gierhard,mgierhardlp@people.com.cn,Non-binary,6.203.205.102
783,Yehudit,Bellanger,ybellangerlq@chronoengine.com,Male,79.230.170.98
784,Anson,O'Brogane,aobroganelr@dagondesign.com,Male,143.43.213.154
785,Sergent,Hitschke,shitschkels@statcounter.com,Male,98.121.230.66
786,Germain,Turnor,gturnorlt@nydailynews.com,Male,195.83.231.85
787,Dolph,Keetch,dkeetchlu@posterous.com,Male,85.161.246.140
788,Lynnea,Butchard,lbutchardlv@springer.com,Female,197.197.115.79
789,Selinda,Tranckle,strancklelw@wikia.com,Female,104.100.229.191
790,Gabby,Mosconi,gmosconilx@xing.com,Male,157.94.139.2
791,Morris,Bloys,mbloysly@dagondesign.com,Male,184.80.46.113
792,Kathi,Saenz,ksaenzlz@youku.com,Female,23.251.73.212
793,Fayina,Jacquemot,fjacquemotm0@discovery.com,Female,80.67.178.151
794,Edward,Heales,ehealesm1@myspace.com,Male,194.111.64.155
795,Melonie,Hattiff,mhattiffm2@ucsd.edu,Female,158.231.125.83
796,Nona,Pedrielli,npedriellim3@msu.edu,Female,12.28.167.152
797,Callean,Chalke,cchalkem4@usa.gov,Male,136.140.31.195
798,Stan,Allworthy,sallworthym5@unesco.org,Male,193.53.88.85
799,Marty,Artis,martism6@sohu.com,Male,20.132.107.69
800,Jody,Capoun,jcapounm7@who.int,Female,102.168.115.44
801,Tobe,Elegood,telegoodm8@theguardian.com,Male,93.164.116.169
802,Ardine,Beglin,abeglinm9@google.com.hk,Female,121.67.62.210
803,Cobbie,Witter,cwitterma@squidoo.com,Male,237.65.213.50
804,Pinchas,Kohrding,pkohrdingmb@dedecms.com,Male,13.93.85.46
805,Rogerio,Chattock,rchattockmc@usatoday.com,Bigender,208.152.37.152
806,Quinn,Steade,qsteademd@parallels.com,Female,61.27.35.23
807,Rafe,Moody,rmoodyme@tmall.com,Male,225.174.5.239
808,Parrnell,Casely,pcaselymf@uol.com.br,Male,196.196.211.229
809,Donall,Lount,dlountmg@paginegialle.it,Male,233.126.96.226
810,Richie,Hazzard,rhazzardmh@godaddy.com,Male,56.121.52.121
811,Hersch,Leatherborrow,hleatherborrowmi@printfriendly.com,Male,231.116.40.222
812,Aubert,Balmforth,abalmforthmj@macromedia.com,Male,86.213.65.151
813,Leia,Lewtey,llewteymk@usatoday.com,Female,33.187.85.28
814,Filippa,Harlock,fharlockml@jigsy.com,Female,126.219.142.73
815,Kean,Tapsell,ktapsellmm@delicious.com,Male,29.96.112.187
816,Blair,Rosenbarg,brosenbargmn@printfriendly.com,Male,40.3.180.57
817,Reuven,Jendas,rjendasmo@chicagotribune.com,Male,52.191.15.129
818,Blanche,Collar,bcollarmp@edublogs.org,Female,120.57.9.36
819,Robinson,Esh,reshmq@dell.com,Male,21.19.22.121
820,Jacky,Barles,jbarlesmr@va.gov,Non-binary,192.57.66.194
821,Blinni,Juszkiewicz,bjuszkiewiczms@booking.com,Female,102.179.46.116
822,Gustave,Matusson,gmatussonmt@boston.com,Male,24.236.46.145
823,Dorine,Smead,dsmeadmu@uiuc.edu,Female,176.224.224.254
824,Clo,Pitchford,cpitchfordmv@netscape.com,Female,29.200.89.203
825,Webster,Hales,whalesmw@domainmarket.com,Bigender,85.42.251.93
826,Otto,Pudan,opudanmx@free.fr,Male,34.82.226.131
827,Jewel,Jerdan,jjerdanmy@csmonitor.com,Female,31.26.206.26
828,Astra,Whitland,awhitlandmz@facebook.com,Female,32.226.138.24
829,Scot,Claydon,sclaydonn0@ning.com,Male,186.130.26.190
830,Ines,Haythorne,ihaythornen1@geocities.jp,Female,60.177.214.250
831,Shem,Shilton,sshiltonn2@yellowpages.com,Genderfluid,178.208.96.37
832,Nanice,Tibalt,ntibaltn3@hp.com,Female,39.187.132.77
833,Lucho,Vanin,lvaninn4@vinaora.com,Bigender,232.157.176.65
834,Olvan,Percy,opercyn5@theguardian.com,Male,162.216.239.91
835,Hewett,Lucchi,hlucchin6@yandex.ru,Male,255.27.247.214
836,Parnell,Allen,pallenn7@google.cn,Male,60.243.13.166
837,Kipp,McBeith,kmcbeithn8@dion.ne.jp,Male,67.175.96.242
838,Moses,Fogg,mfoggn9@ibm.com,Male,225.235.195.165
839,Micah,Etienne,metiennena@tripadvisor.com,Male,221.165.63.188
840,Whitaker,Mearing,wmearingnb@bbc.co.uk,Male,186.16.87.164
841,Hazel,Wisher,hwishernc@nyu.edu,Male,49.231.140.109
842,Berny,Tefft,btefftnd@hp.com,Male,27.5.231.108
843,Carlen,Hearnshaw,chearnshawne@uol.com.br,Female,163.100.73.84
844,Madlen,Murrigan,mmurrigannf@etsy.com,Female,254.122.78.239
845,Beverlie,Creany,bcreanyng@google.it,Female,161.187.232.182
846,Hadleigh,Round,hroundnh@addthis.com,Male,253.233.137.110
847,Melany,Weeke,mweekeni@tinyurl.com,Female,205.87.56.163
848,Allyn,Sandever,asandevernj@china.com.cn,Female,34.203.215.85
849,Lynnet,Quin,lquinnk@foxnews.com,Female,101.70.121.39
850,Spence,Horley,shorleynl@tamu.edu,Male,244.120.14.210
851,Talbert,O'Dunniom,todunniomnm@hao123.com,Male,150.113.133.33
852,Glory,Mealiffe,gmealiffenn@ca.gov,Female,38.46.86.16
853,Ines,Ostick,iostickno@nyu.edu,Female,101.56.246.191
854,Weylin,Harriagn,wharriagnnp@nationalgeographic.com,Male,189.205.29.79
855,Eustacia,Hall-Gough,ehallgoughnq@ameblo.jp,Female,81.152.1.132
856,Urbain,Lindeman,ulindemannr@scribd.com,Male,38.243.235.33
857,Cheri,Pellett,cpellettns@reverbnation.com,Female,241.216.162.255
858,Kenn,Gookey,kgookeynt@myspace.com,Male,141.122.223.41
859,Neill,Abrahamowitcz,nabrahamowitcznu@hexun.com,Male,244.104.242.183
860,Kevon,Genever,kgenevernv@chronoengine.com,Male,116.231.239.255
861,Gavin,Messier,gmessiernw@discuz.net,Male,220.31.157.94
862,Rufus,Hold,rholdnx@oaic.gov.au,Male,124.165.97.213
863,Damien,Mawford,dmawfordny@symantec.com,Male,162.90.250.251
864,Chrisy,Mattin,cmattinnz@ocn.ne.jp,Bigender,245.29.123.81
865,Merrielle,Wethers,mwetherso0@fc2.com,Female,18.106.131.177
866,Mendy,Mattea,mmatteao1@stumbleupon.com,Male,227.170.213.125
867,Beulah,Robeiro,brobeiroo2@ocn.ne.jp,Female,153.12.51.54
868,Brig,Elcott,belcotto3@behance.net,Male,78.14.10.30
869,Edmund,Biggam,ebiggamo4@google.com,Male,230.184.145.45
870,Ave,Yuille,ayuilleo5@home.pl,Male,167.34.81.250
871,Patsy,Barnby,pbarnbyo6@gizmodo.com,Male,156.216.4.235
872,Joshuah,Docharty,jdochartyo7@google.cn,Male,82.15.107.44
873,Lyndsey,MacDowal,lmacdowalo8@fastcompany.com,Female,205.95.9.167
874,Elyse,Quigley,equigleyo9@lycos.com,Female,156.171.57.106
875,Helli,Hlavecek,hhlavecekoa@icio.us,Bigender,86.205.106.188
876,Merrick,Eastam,meastamob@hubpages.com,Male,40.24.171.29
877,Bogart,Hurran,bhurranoc@bbb.org,Male,191.191.10.152
878,Major,Basilio,mbasiliood@mediafire.com,Male,157.174.51.10
879,Ram,Gonsalo,rgonsalooe@wufoo.com,Male,254.4.46.49
880,Jud,Jiggins,jjigginsof@cdbaby.com,Genderfluid,138.176.71.129
881,Dodie,Utterson,duttersonog@amazonaws.com,Female,155.45.184.163
882,Hamid,Reddle,hreddleoh@liveinternet.ru,Male,88.126.101.111
883,Pamela,Besque,pbesqueoi@soundcloud.com,Female,162.1.22.129
884,Garwin,Castellani,gcastellanioj@etsy.com,Male,6.82.252.4
885,Aleta,Visick,avisickok@netvibes.com,Female,3.163.24.142
886,Berrie,Linfoot,blinfootol@1und1.de,Female,127.176.195.6
887,Laurens,Streatfeild,lstreatfeildom@ustream.tv,Male,68.57.73.86
888,Jere,Mattusov,jmattusovon@vimeo.com,Male,164.50.188.33
889,Ethe,Grelka,egrelkaoo@dion.ne.jp,Male,226.114.225.218
890,Harcourt,Harlin,hharlinop@latimes.com,Male,61.109.252.208
891,Franciskus,Elbourne,felbourneoq@fda.gov,Male,249.250.147.122
892,Nicolina,Cleef,ncleefor@dell.com,Female,55.243.43.36
893,Angelika,McNickle,amcnickleos@ucoz.ru,Female,74.86.242.196
894,Maurine,Stoffel,mstoffelot@imdb.com,Female,238.200.25.86
895,Vyky,Ofen,vofenou@rediff.com,Female,17.194.164.70
896,Gale,Raith,graithov@salon.com,Genderfluid,81.227.46.16
897,Everett,Gibbons,egibbonsow@digg.com,Male,167.145.35.106
898,Eugene,Blindmann,eblindmannox@sogou.com,Bigender,191.84.165.49
899,Leicester,Moyne,lmoyneoy@hubpages.com,Male,35.240.141.190
900,Alaine,Martinson,amartinsonoz@yandex.ru,Female,148.75.124.187
901,Lizabeth,Sheppey,lsheppeyp0@wunderground.com,Female,253.98.224.143
902,Bianca,Woodruffe,bwoodruffep1@senate.gov,Female,1.76.204.1
903,Louisette,Oak,loakp2@livejournal.com,Female,115.60.165.77
904,Esma,Hachette,ehachettep3@upenn.edu,Female,178.5.247.129
905,Farrel,Leaton,fleatonp4@geocities.com,Polygender,251.55.73.125
906,Ellary,Dunphie,edunphiep5@narod.ru,Male,4.74.216.62
907,Theodoric,Naden,tnadenp6@bigcartel.com,Male,119.186.242.188
908,Aubrie,Coverly,acoverlyp7@people.com.cn,Female,195.163.209.163
909,Minetta,Quantrill,mquantrillp8@weather.com,Female,246.82.91.211
910,Doll,Gillaspy,dgillaspyp9@phpbb.com,Female,183.141.107.227
911,Emma,Jerromes,ejerromespa@umich.edu,Female,159.50.66.20
912,Magdalen,Hegel,mhegelpb@examiner.com,Female,82.236.253.110
913,Ros,Jerrard,rjerrardpc@unicef.org,Female,175.207.38.206
914,Clive,Lowrey,clowreypd@webnode.com,Male,64.231.14.118
915,Dulcea,Paolucci,dpaoluccipe@clickbank.net,Female,223.117.180.249
916,Earvin,Cutcliffe,ecutcliffepf@ucla.edu,Male,245.73.47.181
917,Berty,Gummory,bgummorypg@tuttocitta.it,Male,250.201.233.106
918,Vasili,Kleen,vkleenph@photobucket.com,Genderqueer,84.151.98.164
919,Demott,Leuty,dleutypi@vk.com,Male,80.134.100.164
920,Iggy,Berntssen,iberntssenpj@stumbleupon.com,Male,69.62.163.58
921,Antons,Benneton,abennetonpk@ovh.net,Male,26.67.232.127
922,Maynard,de Mendoza,mdemendozapl@delicious.com,Male,160.202.108.168
923,Xavier,Syres,xsyrespm@goo.gl,Male,66.197.156.248
924,Sasha,Styche,sstychepn@fc2.com,Female,74.194.137.4
925,Kaiser,Nestor,knestorpo@flavors.me,Male,180.189.141.57
926,Rich,Bollum,rbollumpp@devhub.com,Male,149.148.108.251
927,Samaria,Petrozzi,spetrozzipq@tinyurl.com,Female,184.52.64.195
928,Vivianna,Bordman,vbordmanpr@ca.gov,Female,150.88.76.67
929,Correy,Englishby,cenglishbyps@phpbb.com,Female,108.170.120.144
930,Jeddy,Veart,jveartpt@deviantart.com,Male,246.191.138.46
931,Court,Gawke,cgawkepu@tripadvisor.com,Male,247.24.133.161
932,Rhea,Collacombe,rcollacombepv@about.me,Bigender,163.156.64.205
933,Celie,Cecil,ccecilpw@gnu.org,Female,146.114.155.243
934,Godfree,Baldetti,gbaldettipx@rediff.com,Male,92.21.141.250
935,Andeee,Ovenden,aovendenpy@tumblr.com,Female,241.145.29.190
936,Fernanda,Conradsen,fconradsenpz@seattletimes.com,Female,47.113.90.70
937,Liesa,Wolford,lwolfordq0@theguardian.com,Female,236.154.200.126
938,Andriana,Barbey,abarbeyq1@wikispaces.com,Female,206.115.156.14
939,Natala,Ashborn,nashbornq2@csmonitor.com,Female,200.27.28.111
940,Jemie,Blonfield,jblonfieldq3@geocities.com,Female,168.224.181.230
941,Hattie,Gameson,hgamesonq4@hubpages.com,Female,227.59.239.42
942,Suzann,Studders,sstuddersq5@blogger.com,Female,213.2.97.104
943,Siffre,Bourrel,sbourrelq6@google.fr,Male,132.62.204.15
944,Gardner,Pattesall,gpattesallq7@examiner.com,Male,171.185.152.254
945,Meta,Gorring,mgorringq8@imgur.com,Female,224.166.161.64
946,Luce,Findlay,lfindlayq9@loc.gov,Agender,178.148.77.164
947,Leoline,Briers,lbriersqa@vinaora.com,Polygender,201.28.37.248
948,Ky,Villar,kvillarqb@prlog.org,Male,116.60.184.43
949,Hollyanne,Delle,hdelleqc@dyndns.org,Female,137.111.16.254
950,Lonnard,Vedyashkin,lvedyashkinqd@yandex.ru,Male,6.168.65.133
951,Rene,Caveney,rcaveneyqe@berkeley.edu,Male,121.151.220.217
952,Saudra,Planque,splanqueqf@infoseek.co.jp,Female,254.22.191.227
953,Joshuah,Yakubovich,jyakubovichqg@washingtonpost.com,Male,49.64.32.186
954,Janeta,Tebbet,jtebbetqh@disqus.com,Female,212.221.70.115
955,Kylie,Prendiville,kprendivilleqi@dmoz.org,Male,0.182.5.53
956,Hardy,McCarlich,hmccarlichqj@marriott.com,Male,82.28.31.43
957,Stavro,Haggis,shaggisqk@washingtonpost.com,Male,0.79.131.50
958,Gannon,Gifford,ggiffordql@wordpress.org,Male,169.244.152.139
959,Boycey,Lartice,blarticeqm@scientificamerican.com,Male,116.60.219.143
960,Eileen,Errichiello,eerrichielloqn@theguardian.com,Female,110.85.151.21
961,Emlyn,Snoday,esnodayqo@patch.com,Female,24.146.143.132
962,Matty,Hardy-Piggin,mhardypigginqp@cmu.edu,Male,188.174.95.40
963,Edi,Lavalle,elavalleqq@unicef.org,Genderfluid,155.97.10.47
964,Anna-maria,Coggings,acoggingsqr@thetimes.co.uk,Female,72.206.14.73
965,Jamil,Tinklin,jtinklinqs@jalbum.net,Genderqueer,123.239.114.249
966,Margarita,Bohills,mbohillsqt@creativecommons.org,Female,168.92.226.40
967,Hedvige,Enefer,heneferqu@stanford.edu,Female,88.105.46.191
968,Bobbette,Gothliff,bgothliffqv@github.io,Genderqueer,124.120.30.19
969,Hillary,Bail,hbailqw@instagram.com,Male,217.210.102.101
970,Rakel,Haysman,rhaysmanqx@amazon.de,Female,80.64.104.198
971,Kenneth,Moses,kmosesqy@zimbio.com,Male,17.212.191.121
972,Darrelle,Jentgens,djentgensqz@devhub.com,Female,241.30.3.94
973,Barthel,Moultrie,bmoultrier0@privacy.gov.au,Male,34.219.153.47
974,Stavros,Butter,sbutterr1@yelp.com,Male,44.243.128.164
975,Meier,Fontanet,mfontanetr2@yandex.ru,Male,162.66.108.88
976,Torrey,Feldberg,tfeldbergr3@soup.io,Male,36.155.246.190
977,Damaris,Ferroli,dferrolir4@blogspot.com,Female,152.219.110.241
978,Georas,Backhouse,gbackhouser5@desdev.cn,Male,30.16.11.241
979,Galen,Easton,geastonr6@omniture.com,Male,117.94.228.146
980,Jo-anne,Pigney,jpigneyr7@fastcompany.com,Bigender,77.184.152.149
981,Effie,Rosekilly,erosekillyr8@ovh.net,Female,129.11.36.24
982,Salomo,Maudlin,smaudlinr9@mozilla.com,Male,180.189.171.173
983,Thia,Casburn,tcasburnra@usa.gov,Female,53.171.103.88
984,Angeline,Neaverson,aneaversonrb@google.pl,Female,0.99.54.188
985,Herc,Barley,hbarleyrc@tinyurl.com,Male,81.87.233.110
986,Florencia,Heatley,fheatleyrd@drupal.org,Female,27.196.219.226
987,Kettie,Borsi,kborsire@gov.uk,Female,177.239.51.74
988,Nelson,Creighton,ncreightonrf@apple.com,Male,70.204.227.9
989,Sloan,Purcell,spurcellrg@bandcamp.com,Male,49.94.203.76
990,Osbourn,Coger,ocogerrh@livejournal.com,Male,60.133.73.212
991,Alvan,Kilbee,akilbeeri@forbes.com,Male,72.140.123.60
992,Leonore,Skokoe,lskokoerj@apache.org,Female,65.122.211.115
993,Freddy,Summerley,fsummerleyrk@netscape.com,Male,167.177.249.37
994,Harvey,Kyffin,hkyffinrl@over-blog.com,Male,80.243.58.218
995,Flory,Lewzey,flewzeyrm@elegantthemes.com,Male,223.110.1.16
996,Ashlen,Heeks,aheeksrn@networksolutions.com,Female,85.186.24.161
997,Katrine,Stronge,kstrongero@tripadvisor.com,Agender,196.166.69.119
998,Cristina,Benardeau,cbenardeaurp@ihg.com,Female,211.15.140.210
999,April,Bleackly,ableacklyrq@gnu.org,Female,148.198.122.245
1000,Simonne,Norgan,snorganrr@a8.net,Female,100.239.196.166
